--
-- PostgreSQL database dump
--

\restrict dnPmyrEYcTrsRldkw5k3zlupqJFBeDa3ULzdT5Lgi5KbRsfPnXJ1s69geJre8K2

-- Dumped from database version 18.1
-- Dumped by pg_dump version 18.1

SET statement_timeout = 0;
SET lock_timeout = 0;
SET idle_in_transaction_session_timeout = 0;
SET transaction_timeout = 0;
SET client_encoding = 'UTF8';
SET standard_conforming_strings = on;
SELECT pg_catalog.set_config('search_path', '', false);
SET check_function_bodies = false;
SET xmloption = content;
SET client_min_messages = warning;
SET row_security = off;

SET default_tablespace = '';

SET default_table_access_method = heap;

--
-- Name: app_anotacioneshogar; Type: TABLE; Schema: public; Owner: postgres
--

CREATE TABLE public.app_anotacioneshogar (
    id bigint NOT NULL,
    necesidades text,
    observaciones text,
    recomendaciones text,
    created_at timestamp with time zone NOT NULL,
    updated_at timestamp with time zone NOT NULL,
    hogar_id bigint NOT NULL
);


ALTER TABLE public.app_anotacioneshogar OWNER TO postgres;

--
-- Name: app_anotacioneshogar_id_seq; Type: SEQUENCE; Schema: public; Owner: postgres
--

ALTER TABLE public.app_anotacioneshogar ALTER COLUMN id ADD GENERATED BY DEFAULT AS IDENTITY (
    SEQUENCE NAME public.app_anotacioneshogar_id_seq
    START WITH 1
    INCREMENT BY 1
    NO MINVALUE
    NO MAXVALUE
    CACHE 1
);


--
-- Name: app_asistencia; Type: TABLE; Schema: public; Owner: postgres
--

CREATE TABLE public.app_asistencia (
    id bigint NOT NULL,
    presente boolean NOT NULL,
    fecha_registro timestamp with time zone NOT NULL,
    notas text,
    cliente_id bigint NOT NULL,
    registro_asunto_id bigint NOT NULL
);


ALTER TABLE public.app_asistencia OWNER TO postgres;

--
-- Name: app_asistencia_id_seq; Type: SEQUENCE; Schema: public; Owner: postgres
--

ALTER TABLE public.app_asistencia ALTER COLUMN id ADD GENERATED BY DEFAULT AS IDENTITY (
    SEQUENCE NAME public.app_asistencia_id_seq
    START WITH 1
    INCREMENT BY 1
    NO MINVALUE
    NO MAXVALUE
    CACHE 1
);


--
-- Name: app_asunto; Type: TABLE; Schema: public; Owner: postgres
--

CREATE TABLE public.app_asunto (
    id bigint NOT NULL,
    nombre character varying(255) NOT NULL,
    tipo character varying(50) NOT NULL,
    descripcion text,
    total_instancias integer NOT NULL,
    created_at timestamp with time zone NOT NULL,
    updated_at timestamp with time zone NOT NULL
);


ALTER TABLE public.app_asunto OWNER TO postgres;

--
-- Name: app_asunto_asistentes; Type: TABLE; Schema: public; Owner: postgres
--

CREATE TABLE public.app_asunto_asistentes (
    id bigint NOT NULL,
    asunto_id bigint NOT NULL,
    clientes_id bigint NOT NULL
);


ALTER TABLE public.app_asunto_asistentes OWNER TO postgres;

--
-- Name: app_asunto_asistentes_id_seq; Type: SEQUENCE; Schema: public; Owner: postgres
--

ALTER TABLE public.app_asunto_asistentes ALTER COLUMN id ADD GENERATED BY DEFAULT AS IDENTITY (
    SEQUENCE NAME public.app_asunto_asistentes_id_seq
    START WITH 1
    INCREMENT BY 1
    NO MINVALUE
    NO MAXVALUE
    CACHE 1
);


--
-- Name: app_asunto_id_seq; Type: SEQUENCE; Schema: public; Owner: postgres
--

ALTER TABLE public.app_asunto ALTER COLUMN id ADD GENERATED BY DEFAULT AS IDENTITY (
    SEQUENCE NAME public.app_asunto_id_seq
    START WITH 1
    INCREMENT BY 1
    NO MINVALUE
    NO MAXVALUE
    CACHE 1
);


--
-- Name: app_cargafamiliar; Type: TABLE; Schema: public; Owner: postgres
--

CREATE TABLE public.app_cargafamiliar (
    id bigint NOT NULL,
    parentesco character varying(50) NOT NULL,
    nombre character varying(100) NOT NULL,
    edad integer,
    rut character varying(12),
    ocupacion character varying(100),
    escolaridad character varying(50),
    created_at timestamp with time zone NOT NULL,
    hogar_id bigint NOT NULL
);


ALTER TABLE public.app_cargafamiliar OWNER TO postgres;

--
-- Name: app_cargafamiliar_id_seq; Type: SEQUENCE; Schema: public; Owner: postgres
--

ALTER TABLE public.app_cargafamiliar ALTER COLUMN id ADD GENERATED BY DEFAULT AS IDENTITY (
    SEQUENCE NAME public.app_cargafamiliar_id_seq
    START WITH 1
    INCREMENT BY 1
    NO MINVALUE
    NO MAXVALUE
    CACHE 1
);


--
-- Name: app_clientes; Type: TABLE; Schema: public; Owner: postgres
--

CREATE TABLE public.app_clientes (
    id bigint NOT NULL,
    rut character varying(20) NOT NULL,
    apellidos character varying(100) NOT NULL,
    nombres character varying(100) NOT NULL,
    sector character varying(100),
    fecha_postulacion date NOT NULL,
    es_beneficiario boolean NOT NULL,
    extens character varying(100),
    edad integer,
    escolaridad character varying(50),
    estado_civil character varying(50),
    fecha_nacimiento date,
    ingresos character varying(100),
    numero_documento character varying(50),
    ocupacion character varying(100),
    telefono character varying(20),
    tipo_tenencia character varying(50),
    updated_at timestamp with time zone NOT NULL,
    vivienda_saneada boolean
);


ALTER TABLE public.app_clientes OWNER TO postgres;

--
-- Name: app_clientes_id_seq; Type: SEQUENCE; Schema: public; Owner: postgres
--

ALTER TABLE public.app_clientes ALTER COLUMN id ADD GENERATED BY DEFAULT AS IDENTITY (
    SEQUENCE NAME public.app_clientes_id_seq
    START WITH 1
    INCREMENT BY 1
    NO MINVALUE
    NO MAXVALUE
    CACHE 1
);


--
-- Name: app_hogar; Type: TABLE; Schema: public; Owner: postgres
--

CREATE TABLE public.app_hogar (
    id bigint NOT NULL,
    fecha_registro date NOT NULL,
    luz boolean,
    agua boolean,
    rol character varying(100),
    created_at timestamp with time zone NOT NULL,
    updated_at timestamp with time zone NOT NULL,
    persona_principal_id bigint NOT NULL
);


ALTER TABLE public.app_hogar OWNER TO postgres;

--
-- Name: app_hogar_id_seq; Type: SEQUENCE; Schema: public; Owner: postgres
--

ALTER TABLE public.app_hogar ALTER COLUMN id ADD GENERATED BY DEFAULT AS IDENTITY (
    SEQUENCE NAME public.app_hogar_id_seq
    START WITH 1
    INCREMENT BY 1
    NO MINVALUE
    NO MAXVALUE
    CACHE 1
);


--
-- Name: app_informacionsalud; Type: TABLE; Schema: public; Owner: postgres
--

CREATE TABLE public.app_informacionsalud (
    id bigint NOT NULL,
    enfermedad text,
    toma_medicamentos boolean,
    medicamentos text,
    controles_medicos text,
    created_at timestamp with time zone NOT NULL,
    updated_at timestamp with time zone NOT NULL,
    persona_id bigint NOT NULL
);


ALTER TABLE public.app_informacionsalud OWNER TO postgres;

--
-- Name: app_informacionsalud_id_seq; Type: SEQUENCE; Schema: public; Owner: postgres
--

ALTER TABLE public.app_informacionsalud ALTER COLUMN id ADD GENERATED BY DEFAULT AS IDENTITY (
    SEQUENCE NAME public.app_informacionsalud_id_seq
    START WITH 1
    INCREMENT BY 1
    NO MINVALUE
    NO MAXVALUE
    CACHE 1
);


--
-- Name: app_redconocida; Type: TABLE; Schema: public; Owner: postgres
--

CREATE TABLE public.app_redconocida (
    id bigint NOT NULL,
    redes_conoce text,
    redes_participa text,
    redes_apoyo text,
    created_at timestamp with time zone NOT NULL,
    updated_at timestamp with time zone NOT NULL,
    persona_id bigint NOT NULL
);


ALTER TABLE public.app_redconocida OWNER TO postgres;

--
-- Name: app_redconocida_id_seq; Type: SEQUENCE; Schema: public; Owner: postgres
--

ALTER TABLE public.app_redconocida ALTER COLUMN id ADD GENERATED BY DEFAULT AS IDENTITY (
    SEQUENCE NAME public.app_redconocida_id_seq
    START WITH 1
    INCREMENT BY 1
    NO MINVALUE
    NO MAXVALUE
    CACHE 1
);


--
-- Name: app_registroasunto; Type: TABLE; Schema: public; Owner: postgres
--

CREATE TABLE public.app_registroasunto (
    id bigint NOT NULL,
    fecha date,
    lugar character varying(255),
    responsable character varying(255),
    cantidad_asistentes_registrados integer NOT NULL,
    created_at timestamp with time zone NOT NULL,
    updated_at timestamp with time zone NOT NULL,
    asunto_id bigint NOT NULL
);


ALTER TABLE public.app_registroasunto OWNER TO postgres;

--
-- Name: app_registroasunto_id_seq; Type: SEQUENCE; Schema: public; Owner: postgres
--

ALTER TABLE public.app_registroasunto ALTER COLUMN id ADD GENERATED BY DEFAULT AS IDENTITY (
    SEQUENCE NAME public.app_registroasunto_id_seq
    START WITH 1
    INCREMENT BY 1
    NO MINVALUE
    NO MAXVALUE
    CACHE 1
);


--
-- Name: app_registrosocial; Type: TABLE; Schema: public; Owner: postgres
--

CREATE TABLE public.app_registrosocial (
    id bigint NOT NULL,
    posee_registro boolean,
    puntaje character varying(50),
    actualizado boolean,
    fecha_actualizacion date,
    created_at timestamp with time zone NOT NULL,
    updated_at timestamp with time zone NOT NULL,
    persona_id bigint NOT NULL
);


ALTER TABLE public.app_registrosocial OWNER TO postgres;

--
-- Name: app_registrosocial_id_seq; Type: SEQUENCE; Schema: public; Owner: postgres
--

ALTER TABLE public.app_registrosocial ALTER COLUMN id ADD GENERATED BY DEFAULT AS IDENTITY (
    SEQUENCE NAME public.app_registrosocial_id_seq
    START WITH 1
    INCREMENT BY 1
    NO MINVALUE
    NO MAXVALUE
    CACHE 1
);


--
-- Name: auth_group; Type: TABLE; Schema: public; Owner: postgres
--

CREATE TABLE public.auth_group (
    id integer NOT NULL,
    name character varying(150) NOT NULL
);


ALTER TABLE public.auth_group OWNER TO postgres;

--
-- Name: auth_group_id_seq; Type: SEQUENCE; Schema: public; Owner: postgres
--

ALTER TABLE public.auth_group ALTER COLUMN id ADD GENERATED BY DEFAULT AS IDENTITY (
    SEQUENCE NAME public.auth_group_id_seq
    START WITH 1
    INCREMENT BY 1
    NO MINVALUE
    NO MAXVALUE
    CACHE 1
);


--
-- Name: auth_group_permissions; Type: TABLE; Schema: public; Owner: postgres
--

CREATE TABLE public.auth_group_permissions (
    id bigint NOT NULL,
    group_id integer NOT NULL,
    permission_id integer NOT NULL
);


ALTER TABLE public.auth_group_permissions OWNER TO postgres;

--
-- Name: auth_group_permissions_id_seq; Type: SEQUENCE; Schema: public; Owner: postgres
--

ALTER TABLE public.auth_group_permissions ALTER COLUMN id ADD GENERATED BY DEFAULT AS IDENTITY (
    SEQUENCE NAME public.auth_group_permissions_id_seq
    START WITH 1
    INCREMENT BY 1
    NO MINVALUE
    NO MAXVALUE
    CACHE 1
);


--
-- Name: auth_permission; Type: TABLE; Schema: public; Owner: postgres
--

CREATE TABLE public.auth_permission (
    id integer NOT NULL,
    name character varying(255) NOT NULL,
    content_type_id integer NOT NULL,
    codename character varying(100) NOT NULL
);


ALTER TABLE public.auth_permission OWNER TO postgres;

--
-- Name: auth_permission_id_seq; Type: SEQUENCE; Schema: public; Owner: postgres
--

ALTER TABLE public.auth_permission ALTER COLUMN id ADD GENERATED BY DEFAULT AS IDENTITY (
    SEQUENCE NAME public.auth_permission_id_seq
    START WITH 1
    INCREMENT BY 1
    NO MINVALUE
    NO MAXVALUE
    CACHE 1
);


--
-- Name: auth_user; Type: TABLE; Schema: public; Owner: postgres
--

CREATE TABLE public.auth_user (
    id integer NOT NULL,
    password character varying(128) NOT NULL,
    last_login timestamp with time zone,
    is_superuser boolean NOT NULL,
    username character varying(150) NOT NULL,
    first_name character varying(150) NOT NULL,
    last_name character varying(150) NOT NULL,
    email character varying(254) NOT NULL,
    is_staff boolean NOT NULL,
    is_active boolean NOT NULL,
    date_joined timestamp with time zone NOT NULL
);


ALTER TABLE public.auth_user OWNER TO postgres;

--
-- Name: auth_user_groups; Type: TABLE; Schema: public; Owner: postgres
--

CREATE TABLE public.auth_user_groups (
    id bigint NOT NULL,
    user_id integer NOT NULL,
    group_id integer NOT NULL
);


ALTER TABLE public.auth_user_groups OWNER TO postgres;

--
-- Name: auth_user_groups_id_seq; Type: SEQUENCE; Schema: public; Owner: postgres
--

ALTER TABLE public.auth_user_groups ALTER COLUMN id ADD GENERATED BY DEFAULT AS IDENTITY (
    SEQUENCE NAME public.auth_user_groups_id_seq
    START WITH 1
    INCREMENT BY 1
    NO MINVALUE
    NO MAXVALUE
    CACHE 1
);


--
-- Name: auth_user_id_seq; Type: SEQUENCE; Schema: public; Owner: postgres
--

ALTER TABLE public.auth_user ALTER COLUMN id ADD GENERATED BY DEFAULT AS IDENTITY (
    SEQUENCE NAME public.auth_user_id_seq
    START WITH 1
    INCREMENT BY 1
    NO MINVALUE
    NO MAXVALUE
    CACHE 1
);


--
-- Name: auth_user_user_permissions; Type: TABLE; Schema: public; Owner: postgres
--

CREATE TABLE public.auth_user_user_permissions (
    id bigint NOT NULL,
    user_id integer NOT NULL,
    permission_id integer NOT NULL
);


ALTER TABLE public.auth_user_user_permissions OWNER TO postgres;

--
-- Name: auth_user_user_permissions_id_seq; Type: SEQUENCE; Schema: public; Owner: postgres
--

ALTER TABLE public.auth_user_user_permissions ALTER COLUMN id ADD GENERATED BY DEFAULT AS IDENTITY (
    SEQUENCE NAME public.auth_user_user_permissions_id_seq
    START WITH 1
    INCREMENT BY 1
    NO MINVALUE
    NO MAXVALUE
    CACHE 1
);


--
-- Name: django_admin_log; Type: TABLE; Schema: public; Owner: postgres
--

CREATE TABLE public.django_admin_log (
    id integer NOT NULL,
    action_time timestamp with time zone NOT NULL,
    object_id text,
    object_repr character varying(200) NOT NULL,
    action_flag smallint NOT NULL,
    change_message text NOT NULL,
    content_type_id integer,
    user_id integer NOT NULL,
    CONSTRAINT django_admin_log_action_flag_check CHECK ((action_flag >= 0))
);


ALTER TABLE public.django_admin_log OWNER TO postgres;

--
-- Name: django_admin_log_id_seq; Type: SEQUENCE; Schema: public; Owner: postgres
--

ALTER TABLE public.django_admin_log ALTER COLUMN id ADD GENERATED BY DEFAULT AS IDENTITY (
    SEQUENCE NAME public.django_admin_log_id_seq
    START WITH 1
    INCREMENT BY 1
    NO MINVALUE
    NO MAXVALUE
    CACHE 1
);


--
-- Name: django_content_type; Type: TABLE; Schema: public; Owner: postgres
--

CREATE TABLE public.django_content_type (
    id integer NOT NULL,
    app_label character varying(100) NOT NULL,
    model character varying(100) NOT NULL
);


ALTER TABLE public.django_content_type OWNER TO postgres;

--
-- Name: django_content_type_id_seq; Type: SEQUENCE; Schema: public; Owner: postgres
--

ALTER TABLE public.django_content_type ALTER COLUMN id ADD GENERATED BY DEFAULT AS IDENTITY (
    SEQUENCE NAME public.django_content_type_id_seq
    START WITH 1
    INCREMENT BY 1
    NO MINVALUE
    NO MAXVALUE
    CACHE 1
);


--
-- Name: django_migrations; Type: TABLE; Schema: public; Owner: postgres
--

CREATE TABLE public.django_migrations (
    id bigint NOT NULL,
    app character varying(255) NOT NULL,
    name character varying(255) NOT NULL,
    applied timestamp with time zone NOT NULL
);


ALTER TABLE public.django_migrations OWNER TO postgres;

--
-- Name: django_migrations_id_seq; Type: SEQUENCE; Schema: public; Owner: postgres
--

ALTER TABLE public.django_migrations ALTER COLUMN id ADD GENERATED BY DEFAULT AS IDENTITY (
    SEQUENCE NAME public.django_migrations_id_seq
    START WITH 1
    INCREMENT BY 1
    NO MINVALUE
    NO MAXVALUE
    CACHE 1
);


--
-- Name: django_session; Type: TABLE; Schema: public; Owner: postgres
--

CREATE TABLE public.django_session (
    session_key character varying(40) NOT NULL,
    session_data text NOT NULL,
    expire_date timestamp with time zone NOT NULL
);


ALTER TABLE public.django_session OWNER TO postgres;

--
-- Data for Name: app_anotacioneshogar; Type: TABLE DATA; Schema: public; Owner: postgres
--

COPY public.app_anotacioneshogar (id, necesidades, observaciones, recomendaciones, created_at, updated_at, hogar_id) FROM stdin;
1	\N	\N	\N	2026-02-23 11:59:33.134272-03	2026-02-23 11:59:33.136354-03	1
2	MATERIALES PARA AUTOCONSTRUCCIÓN DE SU VIVIENDA	\N	\N	2026-02-23 11:59:33.168855-03	2026-02-23 11:59:33.170954-03	2
3	SUBSIDIO DE MEJORAMIENTO	TIENE CASA CON SUBSIDIO RURAL "CASA DE LOS ESTAFADOS"	ACTUALIZAR REGISTRO SOCIAL	2026-02-23 11:59:33.198945-03	2026-02-23 11:59:33.201265-03	3
4	CAMINOS, INGRESOS, DERECHOS DE AGUA, SUBSIDIOS O FINANCIAMIENTO PARA PROYECTO TURISTICO	TIENE REGISTRADA MAS DE UNA PROPIEDAD, PROYECTO CONAF SENDERISMO	\N	2026-02-23 11:59:33.234429-03	2026-02-23 11:59:33.235606-03	4
5	INFO SOBRE POSTULACIÓN A FONDOS	PROYECTO ELECTRIFICACIÓN	\N	2026-02-23 11:59:33.258-03	2026-02-23 11:59:33.2596-03	5
6	RECUPERAR CARPETA EN BIENES NACIONALES	EL TIENE CASA CON SUBSIDIO EN VALDIVIA. QUIERE QUE HIJA POSTULE A SUBSIDIO DE VIVIENDA	\N	2026-02-23 11:59:33.292188-03	2026-02-23 11:59:33.294232-03	6
8	AGUA, SERÍAN 3 VIVIENDAS EN SITIO	DCTOS EN BIENES NACIONALES, FALTA QUE PASEN A STGO	ACTUALIZAR REGISTRO SOCIAL DE HOGARES	2026-02-23 11:59:33.410956-03	2026-02-23 11:59:33.412533-03	8
9	CONSTRUCCIÓN DE CASA QUE SE ADJUDICÓ POR SUBSIDIO	SUBSIDIO A NOMBRE DE SRA. ARCELIA, ADJUDICADO EN 2022, NO HAN CONSTRUIDO POR FALTA DE CONEXIÓN A LUZ ELÉCTRICA. HA HABLADO CON EGIS PERO NO SE CONCRETA	\N	2026-02-23 11:59:33.430262-03	2026-02-23 11:59:33.431247-03	9
10	AUTOCONSTRUCCIÓN REQUIERE TERMINACIONES	NO OBTUVO PERMISO DE VIUDA DUEÑO SITIO COLINDANTE PARA PROYECTO ELECTRIFICACIÓN	VER POSIBILIDAD DE PROYECTO PANELES SOLARES, SON 6 CASAS	2026-02-23 11:59:33.491123-03	2026-02-23 11:59:33.493196-03	10
11	SANEAMIENTO DE PROPIEDAD, AGUA	SUBSIDIO HABITACIONAL EN VALDIVIA. AHORA INSCRITA EN COMITÉ DE MEJORAMIENTO. AGUA DE VERTIENTE LA ENTRAN EN BIDONES A LA CASA, HICIERON POZO PERO NO TIENE AGUA SUFICIENTE, NO SACAN DE AHÍ. INSCRITA EN PROYECTO DE ELECTRIFICACIÓN	\N	2026-02-23 11:59:33.518735-03	2026-02-23 11:59:33.521767-03	11
12	TRIBUNAL DE FAMILIA	TRAMITE EN BIENES NACIONALES A NOMBRE DE SU PADRE. CASETA EN POBLACIÓN SAN PEDRO AÑO 1995 A NOMBRE DE SU ESPOSA. COMPARTE BOMBA SOLAR CON SU PADRE PARA SACAR AGUA	\N	2026-02-23 11:59:33.560429-03	2026-02-23 11:59:33.56138-03	12
13	CONSTRUCCIÓN DE CASA QUE SE ADJUDICÓ POR SUBSIDIO	SUBSIDIO RURAL ADJUDICADO Y CONSTRUIDO. TIENE TERMITAS. DECLARO INHABITABLE CASA EN MUNICIPIO	\N	2026-02-23 11:59:33.725737-03	2026-02-23 11:59:33.727511-03	13
14	SUBSIDIO DE VIVIENDA	NUNCA HA POSTULADO	\N	2026-02-23 11:59:33.764212-03	2026-02-23 11:59:33.765474-03	14
15	CONSTRUCCIÓN DE CASA QUE SE ADJUDICÓ POR SUBSIDIO	2018 SUBSIDIO PROGRAMA PARA ADULTOS MAYORES, EGIS CONSTRUYENDO CHILE, AUN NO CONSTRUYEN SU CASA, FALTAS EMPRESA CONSTRUCTORA	ACTUALIZAR REGISTRO SOCIAL DE HOGARES	2026-02-23 11:59:33.791735-03	2026-02-23 11:59:33.793311-03	15
16	SUBSIDIO DE VIVIENDA	CASA QUE HABITA TIENE TERMITAS. TIENE OTRA PROPIEDAD, SANEADA, DONDE HA POSTULADO A SUBSIDIO POR AÑOS PERO NO HA SIDO BENEFICIADA	AVERIGUAR MAS	2026-02-23 11:59:33.817713-03	2026-02-23 11:59:33.820046-03	16
17	SUBSIDIO DE VIVIENDA, INCLUIR EN LISTADO	\N	ACTUALIZAR REGISTRO SOCIAL DE HOGARES	2026-02-23 11:59:33.853805-03	2026-02-23 11:59:33.855811-03	17
18	LUZ ELÉCTRICA, AGUA POTABLE	HAY POSTE DE LUZ A 200 MTS., EN CASA DE SUEGRA, SACAN LUZ CON UN CABLE, POCA CAPACIDAD. TIENEN POZO PERO NO LO USAN PORQUE NO ALCANZA ELECTRICIDAD PARA QUE FUNCIONE LA BOMBA. RECIBEN AGUA DE CAMION ALJIBE DE MUNI DE PAILLACO	TRAMITE EN SAESA PARA POSTE	2026-02-23 11:59:33.886542-03	2026-02-23 11:59:33.889024-03	18
19	SANEAMIENTO DE PROPIEDAD, AGUA, ASESORÍA LEGAL POR SITIO COMÚN CON EX ESPOSO	CASA EN MALAS CONDICIONES, SE LLUEVE "ESTÁ COMO QUEBRADA"	\N	2026-02-23 11:59:33.937796-03	2026-02-23 11:59:33.94031-03	19
20	SANEAMIENTO, RONDA MÉDICA, MEJORAMIENTO CAMINO	TIENE CASA CON SUBSIDIO EN VALDIVIA	\N	2026-02-23 11:59:33.980406-03	2026-02-23 11:59:33.981903-03	20
21	SUBSIDIO DE VIVIENDA	\N	\N	2026-02-23 11:59:34.009316-03	2026-02-23 11:59:34.010819-03	21
22	SUBSIDIO DE VIVIENDA, RECICLAJE DE BASURA, RONDA MÉDICA	2013 COMENZARON TRÁMITES PARA REGULARIZAR, FUERON A MEDIR, EN TASACIÓN COMERCIAL DESDE MARZO 2021, INFORMACIÓN EN BIENES NACIONALES	\N	2026-02-23 11:59:34.041518-03	2026-02-23 11:59:34.043912-03	22
23	MEJORAMIENTO DE VIVIENDA, AGUA	POSTULAR A MERCADO CAMPESINO DE INDAP	\N	2026-02-23 11:59:34.081295-03	2026-02-23 11:59:34.084808-03	23
24	SUBSIDIO DE VIVIENDA, EN LISTA DE ESPERA HOSPITAL REGIONAL PARA OPERACIÓN CATARATAS	TIENEN CUENTA DE AHORRO PARA LA VIVIENDA	PEDIR ESCRITURA	2026-02-23 11:59:34.162139-03	2026-02-23 11:59:34.165942-03	24
25	SUBSIDIO DE VIVIENDA	PIDIÓ MEDIAGUA HACE COMO 10 AÑOS, SE LA DIERON. DESPUÉS LE AGREGÓ OTRA	ABRIR LIBRETA DE AHORRO PARA LA VIVIENDA, CONTROLES MÉDICOS	2026-02-23 11:59:34.243621-03	2026-02-23 11:59:34.246925-03	25
26	EN MARZO FUE A EGIS, NO HAN VUELTO A LLAMAR	SOLO HA POSTULADO A… TIENE LIBRETA DE AHORRO	\N	2026-02-23 11:59:34.29798-03	2026-02-23 11:59:34.301264-03	26
27	SUBSIDIO MEJORAMIENTO	CASA CON TERMITAS, VERIFICAR	ACTUALIZAR REGISTRO SOCIAL DE HOGARES	2026-02-23 11:59:34.349924-03	2026-02-23 11:59:34.352462-03	27
28	SUBSIDIO DE VIVIENDA	CASA EN MAL ESTADO, BAÑO AFUERA, NO TIENE CONECCIÓN DE AGUA DENTRO DE LA CASA	LIBRETA DE AHORRO PARA LA VIVIENDA, VERIFICAR	2026-02-23 11:59:34.398147-03	2026-02-23 11:59:34.400897-03	28
29	SUBSIDIO DE VIVIENDA	NO TIENEN LLAVE AL INTERIOR DE LA CASA	\N	2026-02-23 11:59:34.457714-03	2026-02-23 11:59:34.461809-03	29
30	SUBSIDIO DE MEJORAMIENTO	TIENE CASA EN VALDIVIA DE SUBSIDIO, PAREJA TIENE CASA EN PELCHUQUIN (VIVE HIJA)	ACTUALIZAR REGISTRO SOCIAL DE HOGARES	2026-02-23 11:59:34.552968-03	2026-02-23 11:59:34.555655-03	30
31	SUBSIDIO DE VIVIENDA	CASA ACTUAL AUTOCONSTRUCCIÓN	\N	2026-02-23 11:59:34.617133-03	2026-02-23 11:59:34.622287-03	31
32	SUBSIDIO URBANO, PARA SUS HIJOS. AVERIGUAR POR COMITÉ POSIBLE	NO TIENE LIBRETA DE AHORRO PARA LA VIVIENDA, NUNCA HA POSTULADO A SUBSIDIO	\N	2026-02-23 11:59:34.713449-03	2026-02-23 11:59:34.717895-03	32
33	SUBSIDIO DE VIVIENDA, AVERIGUAR SI HA POSTULADO ALGUNA VEZ A SUBSIDIO	COMUNICARME CON HIJA	\N	2026-02-23 11:59:34.828155-03	2026-02-23 11:59:34.832015-03	33
34	PANELES SOLARES	TIENEN VIVIENDA POR SUBSIDIO EN MÁFIL. CAPTACIÓN ARTESANAL DE AGUA	\N	2026-02-23 11:59:34.917455-03	2026-02-23 11:59:34.920848-03	34
35	SUBSIDIO DE VIVIENDA, PROYECTO FOSIS	BIENES NACIONALES INSCRIBIÓ ROLES EQUIVOCADOS, A ELLA LE DIERON EL DE SU HERMANO Y VICEVERSA. DEBEN DARLE ROLES DEFINITIVOS, PREGUNTAR. DESPUES QUIERE HACER TRÁMITE EN SAESA	AVERIGUAR EN BIENES NACIONALES CÓMO VA TRÁMITE	2026-02-23 11:59:34.996925-03	2026-02-23 11:59:35.001147-03	35
36	MOTOSIERRA Y DESBROZADORA	NUNCA HA TENIDO SUBSIDIO	SIGUE COMO SOCIA REGISTRADA EN APR PERO NO TIENE MEDIDOR	2026-02-23 11:59:35.05082-03	2026-02-23 11:59:35.053473-03	36
37	\N	NUNCA HA OBTENIDO SUBSIDIO	\N	2026-02-23 11:59:35.101117-03	2026-02-23 11:59:35.10489-03	37
38	LLAMAR A HIJO POR SUBSIDIO, AVERIGUAR	ALGUNA VEZ POSTULARON A SUBSIDIO HIJOS, NO SALIÓ, SE ARREPINTIERON	DERIVAR CASO A DEPTO. SOCIAL MUNICIPAL	2026-02-23 11:59:35.149399-03	2026-02-23 11:59:35.152172-03	38
39	SUBSIDIO DE VIVIENDA (HA POSTULADO PERO NO LE HA SALIDO)	ESTÁ REPARTIENDO ENTRE SUS HIJOS, FALTA QUE ELLA FIRME	\N	2026-02-23 11:59:35.216137-03	2026-02-23 11:59:35.221168-03	39
40	SUBSIDIO DE VIVIENDA	TIENE LIBRETA DE AHORRO PARA LA VIVIENDA	\N	2026-02-23 11:59:35.283741-03	2026-02-23 11:59:35.287479-03	40
41	\N	CASA AUTOCONSTRUCCIÓN, NUNCA HAN POSTULADO A SUBSIDIO, CASA DETERIORADA	\N	2026-02-23 11:59:35.329716-03	2026-02-23 11:59:35.332704-03	41
42	AGUA POTABLE	NUNCA HA POSTULADO A SUBSIDIO	\N	2026-02-23 11:59:35.393167-03	2026-02-23 11:59:35.395999-03	42
43	SUBSIDIO DE MEJORAMIENTO	CASA DE SUBSIDIO	\N	2026-02-23 11:59:35.437296-03	2026-02-23 11:59:35.440162-03	43
44	SUBSIDIO DE VIVIENDA, FOSIS SRA. LIDIA, BIENES NACIONALES POR OTRA PROPIEDAD	URGENTE MEJORAMIENTO DE CAMINO	\N	2026-02-23 11:59:35.475448-03	2026-02-23 11:59:35.481261-03	44
45	CAPACITACIONES EN MARKETING	ESTÁ PARTIENDO CON EMPRESA DE MADERA, LE GUSTARIA POTENCIAR	\N	2026-02-23 11:59:35.539664-03	2026-02-23 11:59:35.541684-03	45
46	SUBSIDIO DE AMPLIACIÓN, OFERTAS DE VIAJE PROGRAMA ADULTO MAYOR	SANEAMIENTO DE FORMA PARTICULAR, TRÁMITE AVANZADO. CASA EN CONSTRUCCIÓN DE SUBSIDIO RURAL A NOMBRE DE ESPOSO, CORRESPONDERÍA A OTRO SITIO	\N	2026-02-23 11:59:35.577411-03	2026-02-23 11:59:35.580586-03	46
47	SUBSIDIO DE VIVIENDA, INCLUIR EN LISTADO, ASISTENTE SOCIAL URGENTE DERIVACIÓN DE CASO	ERICA (HIJA) DIO USUFRUCTO A SRA. DINA, HACE AÑOS ESPOSO LE CEDIÓ TODO EL SITIO	\N	2026-02-23 11:59:35.614128-03	2026-02-23 11:59:35.61627-03	47
48	SUBSIDIO DE VIVIENDA	CASA ACTUAL AUTOCONSTRUCCIÓN, EN MALAS CONDICIONES, TODA LA INSTALACIÓN ELÉCTRICA AL AIRE	\N	2026-02-23 11:59:35.650756-03	2026-02-23 11:59:35.653666-03	48
49	SUBSIDIO DE VIVIENDA, TIENE USUFRUCTO. DIVORCIO	TIENE LIBRETA DE AHORRO PARA LA VIVIENDA. PROYECTO CUENCA, FOSA SÉPTICA Y REGULARIZACIÓN VIVIENDA Y TERRENO	EN SECTOR HACE FALTA CHARLA DE VIVIENDA, BIENES NACIONALES Y RONDA MÉDICA	2026-02-23 11:59:35.689328-03	2026-02-23 11:59:35.691461-03	49
50	SUBSIDIO DE VIVIENDA, INSCRIBIR EN BIENES NACIONALES (QUIERE REPARTIR)	NO ESTÁ INSCRITA EN CONADI POR AHORA	\N	2026-02-23 11:59:35.76541-03	2026-02-23 11:59:35.767223-03	50
51	SUBSIDIO DE VIVIENDA	TIENE LIBRETA DE AHORRO PARA LA VIVIENDA	\N	2026-02-23 11:59:35.807945-03	2026-02-23 11:59:35.810267-03	51
52	SUBDIVISIÓN EN TRÁMITE PARTICULAR	SUBSIDIO EN VALDIVIA HACE 7 AÑOS, A NOMBRE DE SRA. ROSA	\N	2026-02-23 11:59:35.845317-03	2026-02-23 11:59:35.847424-03	52
53	SANEAMIENTO BIENES NACIONALES. AGUA POTABLE, ACTIVIDADES EDUCATIVAS HIJA (TEA)	RECIBEN AGUA DE CAMIÓN ALJIBE MUNI, PARA RIEGO POZO DE FORESTAL CON BOMBA	\N	2026-02-23 11:59:35.894115-03	2026-02-23 11:59:35.896677-03	53
54	SUBSIDIO DE VIVIENDA, VIAJES TERCERA EDAD	EN PROCESO DE DIVISIÓN, FALTA TRÁMITE DE ABOGADO Y BIENES RAÍCES	\N	2026-02-23 11:59:35.947041-03	2026-02-23 11:59:35.948689-03	54
55	SANEAMIENTO (QUEDAN 4 HIJOS PARA REPARTIRLES)	INFORMAR CASO SOCIAL A DEPTO. SOCIAL MUNICIPAL POR ENFERMEDAD	SRA. DORALISA ENTREGÓ INFORMACIÓN DE HIJOS	2026-02-23 11:59:35.996862-03	2026-02-23 11:59:35.998516-03	55
56	AVERIGUAR EN BOMBEROS DE LAS ANIMAS, AVERIGUAR SI QUIEREN SUBDIVIDIR. TIENE LIBRETA DE AHORRO PARA LA VIVIENDA	INTERESADA EN POSTULAR A AYUDAS SOCIALES PERO NO SABE CÓMO	HA ESTADO INSCRITA EN COMITÉS DE VIVIENDA, SIN RESULTADOS	2026-02-23 11:59:36.032476-03	2026-02-23 11:59:36.034826-03	56
57	SUBSIDIO DE VIVIENDA	LIBRETA DE AHORRO PARA LA VIVIENDA N°72163516960	ACTUALIZAR REGISTRO SOCIAL DE HOGARES Y DEPOSITAR MAS AHORRO EN LIBRETA	2026-02-23 11:59:36.066371-03	2026-02-23 11:59:36.069133-03	57
58	SUBSIDIO DE MEJORAMIENTO O VIVIENDA, VACACIONES TERCERA EDAD	TIENEN LIBRETA DE AHORRO PARA LA VIVIENDA	\N	2026-02-23 11:59:36.107579-03	2026-02-23 11:59:36.108726-03	58
59	SUBSIDIO DE VIVIENDA O MEJORAMIENTO, MEDICAMENTOS EN FARMACIA MUNICIPAL	TIENE LIBRETA DE AHORRO PARA LA VIVIENDA, PSICOLOGA CESFAM	\N	2026-02-23 11:59:36.145166-03	2026-02-23 11:59:36.147864-03	59
60	TERMOPANEL	CASA DE SUBSIDIO REGULARIZADA, A NOMBRE DE SU MADRE, REGULARIZADA. AMPLIACIÓN 10X5 SIN REGULARIZAR	\N	2026-02-23 11:59:36.183345-03	2026-02-23 11:59:36.186074-03	60
61	SUBSIDIO VIVIENDA  O MEJORAMIENTO	NUNCA HA POSTULADO A SUBSIDIO	ACTUALIZAR REGISTRO SOCIAL DE HOGARES	2026-02-23 11:59:36.223921-03	2026-02-23 11:59:36.226881-03	61
62	PANELES SOLARES (TIENE PERO SON INSUFICIENTES)	\N	\N	2026-02-23 11:59:36.267336-03	2026-02-23 11:59:36.270414-03	62
63	ESTANQUE MÁS GRANDE, CLORACIÓN E INSCRIPCIÓN DE AGUAS	NUNCA HA POSTULADO A SUBSIDIO	\N	2026-02-23 11:59:36.315784-03	2026-02-23 11:59:36.31845-03	63
64	NIVELAR PISO (AUTOCONSTRUCCIÓN)	A.S MUNICIPIO, ENVIAR INFO CUIDADORAS, MEJORAMIENTO DE CERCO Y GERIATRIA.	\N	2026-02-23 11:59:36.375162-03	2026-02-23 11:59:36.377796-03	64
65	SUBSIDIO MEJORAMIENTO, INSTALACIÓN DE POZO	TIENE LIBRETA DE AHORRO (bco. Estado)	SACAR CARTOLA RSH Y REVISAR	2026-02-23 11:59:36.419298-03	2026-02-23 11:59:36.421997-03	65
66	SUBSIDIO MEJORAMIENTO Y SANEAMIENTO	TIENE LIBRETA DE AHORRO (bco. Estado)	\N	2026-02-23 11:59:36.458633-03	2026-02-23 11:59:36.46098-03	66
67	SUBSIDIO MEJORAMIENTO (CASA AUTOCONSTRUIDA EN MALAS CONDICIONES)	PROBLEMAS CON CERVECERÍA CUELLO NEGRO, SUBDIVISIÓN PARTICULAR, TIENE 1 CASA EN VALDIVIA POR HERENCIA	GABRIEL NO RECIBE PENSIÓN DERIVAR A DEPTO SOCIAL.	2026-02-23 11:59:36.503852-03	2026-02-23 11:59:36.506681-03	67
68	\N	DESDE AGOSTO 2022 REGULARIZACIÓN, PAGAN CONTRIBUCIONES POR AÑO COMPLETO, ESPOSO PAGA ISAPRE.	\N	2026-02-23 11:59:36.541111-03	2026-02-23 11:59:36.543714-03	68
69	NECESIDAD DE SANEAMIENTO URGENTE/ DESDE 1994 POR BIENES NACIONALES	SE RECOMIENDA ACTUALIZAR EL REGISTRO SOCIAL DE HOGARES.	\N	2026-02-23 11:59:36.581601-03	2026-02-23 11:59:36.584455-03	69
70	SUBSIDIO DE CONSTRUCCIÓN O MEJORAMIENTO	EN PROCESO DE SANEAMIENTO, INSCRITA EN COMITÉ	PREGUNTR EN INDAP, PREGUNTAR EN BIENES NACIONALES	2026-02-23 11:59:36.621778-03	2026-02-23 11:59:36.624071-03	70
71	\N	AFP HABITAT LE DESCUENTA DINERO Y NO SABE POR QUÉ, ENTREGA INFORMACIÓN SOBRE COMITÉ VIVIENDA. POSTULÓ A ESTANQUE Y MANGUERAS MUNICIPIO.	\N	2026-02-23 11:59:36.66741-03	2026-02-23 11:59:36.669742-03	71
72	SUBSIDIO VIVIENDA	DEBE ENVIAR ROL DE LA PROPIEDAD	\N	2026-02-23 11:59:36.707657-03	2026-02-23 11:59:36.710411-03	72
73	\N	INSCRIBIR AGUA	ES MAPUCHE NO ESTÁ EN EL PDTI, ESTÁ VIENDO PLAN DE MANEJO CONAF	2026-02-23 11:59:36.769612-03	2026-02-23 11:59:36.772292-03	73
74	MEJORAMIENTO VIVIENDA, COMITÉ DE VIVIENDA, AYUDAS PARA ADULTOS MAYORES	\N	\N	2026-02-23 11:59:36.808933-03	2026-02-23 11:59:36.811418-03	74
7	SE ADJUDICARON SUBSIDIO Y LO PERDIERON HACE 10 AÑOS POR NO PODER COMPRAR, PANELES SOLARES	PROCESO DE INSCRIPCIÓN DE AGUAS, NECESIDAD DE AVERIGUAR QUÉ PASO CON EL SUBSIDIO	\N	2026-02-23 11:59:33.364877-03	2026-02-23 11:59:36.860305-03	7
75	SUBSIDIO DE VIVIENDA	NUNCA HA POSTULADO, EN TRÁMITE EN BIENES NACIONALES	\N	2026-02-23 11:59:36.896359-03	2026-02-23 11:59:36.898713-03	75
76	ATENCIÓN ADULTO MAYOR, VIAJES, MATERIALES DE CONSTRUCCIÓN GALLINERO	\N	\N	2026-02-23 11:59:36.935805-03	2026-02-23 11:59:36.938765-03	76
77	MEJORAMIENTO VIVIENDA, AVERIGUAR SI PUEDE	QUIERE POSTULAR A UN PROYECTO PARA MIRADOR, NO SABE CALCULAR GASTOS Y GANANCIAS DE SU NEGOCIO	\N	2026-02-23 11:59:36.97614-03	2026-02-23 11:59:36.978761-03	77
78	MEJORAMIENTO DE VIVIENDA, VIAJES TERCERA EDAD	NO TIENE LIBRETA DE AHORRO	\N	2026-02-23 11:59:37.0178-03	2026-02-23 11:59:37.020533-03	78
79	\N	NUNCA HA TENIDO SUBSIDIO, TIENE LIBRETA DE AHORRO	\N	2026-02-23 11:59:37.077417-03	2026-02-23 11:59:37.079969-03	79
80	INGRESAR AL COMITÉ DE VIVIENDA	TIENE LIBRETA DE AHORRO, ESTÁ REGULARIZANDO EN BIENES NACIONALES	\N	2026-02-23 11:59:37.115956-03	2026-02-23 11:59:37.118793-03	80
81	\N	HIJA QUIERE POSTULAR A SUBSIDIO	\N	2026-02-23 11:59:37.1683-03	2026-02-23 11:59:37.170806-03	81
82	SUBSIDIO MEJORAMIENTO	NECESITA MATERIALES PARA MACRAME Y HERRAMIENTAS DE CARPINTERÍA	SE RECOMIENDA REVISAR FNDR, INGRESO A TRÁMITE BIENES NACIONALES	2026-02-23 11:59:37.204904-03	2026-02-23 11:59:37.207728-03	82
83	SUBSIDIO MEJORAMIENTO	NO QUIERE CASA NUEVA	SE RECOMIENDA ACTUALIZAR FICHA SOCIAL DE HOGARES	2026-02-23 11:59:37.243844-03	2026-02-23 11:59:37.247679-03	83
84	SUBSIDIO DE VIVIENDA O MEJORAMIENTO	EN REGULARIZACIÓN FINAL DE INSCRIPCIÓN DE LA PROPIEDAD	SE RECOMIENDA PEDIR CARTOLA RSH	2026-02-23 11:59:37.285051-03	2026-02-23 11:59:37.287446-03	84
85	PGU, FARMACIA MUNICIPAL	\N	ABRIR LIBRETA DE AHORRO	2026-02-23 11:59:37.322437-03	2026-02-23 11:59:37.324857-03	85
86	SUBSIDIO MEJORAMIENTO	TIENE LIBRETA DE AHORRO Y PARTICIPA EN PROGRAMA MUJERES JEFAS DE HOGAR	\N	2026-02-23 11:59:37.359327-03	2026-02-23 11:59:37.361669-03	86
87	SUBSIDIO VIVIENDA O MEJORAMIENTO	ENVIAR ENCURTIDOS POR WHATSAPP, ENVIAR INFORMACIÓN CUIDADORES	\N	2026-02-23 11:59:37.396533-03	2026-02-23 11:59:37.398736-03	87
88	\N	SUCESIÓN NO SANEADA EN TRAMITE, INSCRIBIR EN LISTADO DE BIENES NACIONALES	\N	2026-02-23 11:59:37.43675-03	2026-02-23 11:59:37.439056-03	88
89	SUBSIDIO VIVIENDA O MEJORAMIENTO	NO TIENE LIBRETA DE AHORRO	\N	2026-02-23 11:59:37.479099-03	2026-02-23 11:59:37.481417-03	89
90	\N	AVERIGÜAR SI PUEDE POSTULAR A VIVIENDA, TIENE LIBRETA DE AHORRO PARA VIVIENDA	\N	2026-02-23 11:59:37.519664-03	2026-02-23 11:59:37.522045-03	90
91	SUBSIDIO VIVIENDA (PARA HIJA)	NUNCA HA POSTULADO, EN PROCESO DE REGULARIZACIÓN DE UNA HERENCIA	\N	2026-02-23 11:59:37.555054-03	2026-02-23 11:59:37.557015-03	91
92	SUBSIDIO VIVIENDA O MEJORAMIENTO	\N	\N	2026-02-23 11:59:37.604898-03	2026-02-23 11:59:37.606987-03	92
93	SUBSIDIO MEJORAMIENTO	TIENE LIBRETA DE AHORRO VIVIENDA	\N	2026-02-23 11:59:37.641073-03	2026-02-23 11:59:37.643611-03	93
94	\N	CASA AUTOCONSTRUCCIÓN	INVITAR A CHARLA BIENES NACIONALES, QUE SAQUEN SU RSH	2026-02-23 11:59:37.694112-03	2026-02-23 11:59:37.69662-03	94
95	SUBSIDIO VIVIENDA	TIENE LIBRETA DE AHORRO, LE INTERESA INVERNADERO	\N	2026-02-23 11:59:37.73548-03	2026-02-23 11:59:37.73849-03	95
96	SUBSIDIO VIVIENDA	AYUDAR TRAMITES DE DIVORCIO	ABRIR LIBRETA DE AHORRO	2026-02-23 11:59:37.787543-03	2026-02-23 11:59:37.789654-03	96
97	SUBSIDIO CONSTRUCCIÓN	\N	POSTULAR A FOSIS	2026-02-23 11:59:37.82463-03	2026-02-23 11:59:37.826925-03	97
98	SUBSIDIO MEJORAMIENTO	\N	\N	2026-02-23 11:59:37.865185-03	2026-02-23 11:59:37.867717-03	98
99	SUBSIDIO VIVIENDA	VER FARMACIA MUNICIPAL	ABRIR LIBRETA DE AHORRO	2026-02-23 11:59:37.901102-03	2026-02-23 11:59:37.903562-03	99
100	SUBSIDIO MEJORAMIENTO	EVALUAR PENSIÓN DE DISCAPACIDAD, NO TIENE LIBRETA DE AHORRO	QUE VAYA A MÉDICO, ATENCIÓN DE SALUD MENTAL	2026-02-23 11:59:37.94718-03	2026-02-23 11:59:37.949571-03	100
101	SUBSIDIO VIVIENDA	TIENE LIBRETA DE AHORRO	ENVIAR CALENDARIO SERCOTEC, PONER EN CONTACTO CON DELEGADA	2026-02-23 11:59:37.979465-03	2026-02-23 11:59:37.981245-03	101
102	MATERIALES DE CONSTRUCCIÓN	QUIERE APRENDER A TRABAJAR ACEITES ESENCIALES	SE RECOMIENDA IR A LA CONAF PARA ÁRBOLES	2026-02-23 11:59:38.024459-03	2026-02-23 11:59:38.026778-03	102
103	SUBSIDIO DE MEJORAMIENTO	\N	\N	2026-02-23 11:59:38.059198-03	2026-02-23 11:59:38.061307-03	103
104	\N	AVISAR FOSIS	\N	2026-02-23 11:59:38.0937-03	2026-02-23 11:59:38.096106-03	104
105	SUBSIDIO MEJORAMIENTO	INSCRIBIR EN REGISTRO DE PERSONAS CUIDADORAS	\N	2026-02-23 11:59:38.1363-03	2026-02-23 11:59:38.138799-03	105
106	\N	VER CON MANUEL BONO FOA, HERMANA TRÁMITE EN CONADI PARA NO PAGAR CONTIRBUCIONES	\N	2026-02-23 11:59:38.172831-03	2026-02-23 11:59:38.175445-03	106
107	SUBSIDIO DE VIVIENDA	LIBRETA DE AHORRO, QUIERE TERMINAR ENSEÑANZA MEDIA	\N	2026-02-23 11:59:38.213524-03	2026-02-23 11:59:38.215961-03	107
108	\N	MANDAR INFORMACIÓN DE GRUPO TEJIDO EN VALDIVIA, BUSCAR FONDOS PARA POSTULAR A TELAR MARÍA, INVITAR A TALLER DE ALFABETIZACIÓN DIGITAL	\N	2026-02-23 11:59:38.255573-03	2026-02-23 11:59:38.258123-03	108
109	SUBSIDIO MEJORAMIENTO	SOLICITAR VISITA DE ASISTENCIA SOCIAL, VER SI TIENE LIBRETA DE AHORRO	\N	2026-02-23 11:59:38.293344-03	2026-02-23 11:59:38.295856-03	109
110	SUBSIDIO MEJORAMIENTO	LE GUSTARÍA TRABAJAR INVERNADERO, INFORMAR FOSIS	DEBERÍA SACAR SU RSH	2026-02-23 11:59:38.330782-03	2026-02-23 11:59:38.333708-03	110
111	SUBSIDIO VIVIENDA O MEJORAMIENTO	TIENE LIBRETA DE AHORRO, LE GUSTARÍA CASA EN VALDIVIA Y DONDE VIVE ACTUALMENTE NO ESTÁ SANEADO, ESTÁ COLGADA DE LA LUZ	\N	2026-02-23 11:59:38.36892-03	2026-02-23 11:59:38.370306-03	111
112	FOSIS, MATERIALES DE CONSTRUCCIÓN	TIENE LIBRETA DE AHORRO	\N	2026-02-23 11:59:38.41134-03	2026-02-23 11:59:38.412953-03	112
113	\N	\N	\N	2026-02-23 11:59:38.452448-03	2026-02-23 11:59:38.454801-03	113
114	SUBSIDIO MEJORAMIENTO	\N	\N	2026-02-23 11:59:38.493596-03	2026-02-23 11:59:38.496411-03	114
115	ALFABETIZACIÓN DIGITAL, MATERIALES DE CONSTRUCCIÓN	\N	\N	2026-02-23 11:59:38.532758-03	2026-02-23 11:59:38.535299-03	115
116	SUBSIDIO MEJORAMIENTO	\N	SE RECOMIENDA CONTACTAR A SU HIJO CON CECREA Y ALTA UACH	2026-02-23 11:59:38.56988-03	2026-02-23 11:59:38.572196-03	116
117	REGULARIZACIÓN BIENES NACIONALES	VER REGISTRO DE CUIDADORES	SE RECOMIENDA ACTUALIZAR RSH	2026-02-23 11:59:38.604838-03	2026-02-23 11:59:38.607273-03	117
118	SUBSIDIO CONSTRUCCIÓN	TIENE LIBRETA DE AHORRO VIVIENDA	\N	2026-02-23 11:59:38.642097-03	2026-02-23 11:59:38.644283-03	118
119	FOSIS	TIENE LIBRETA DE AHORRO VIVIENDA	\N	2026-02-23 11:59:38.677077-03	2026-02-23 11:59:38.679089-03	119
120	SUBSIDIO VIVIENDA	POSTULÓ A FOSIS ADULTO MAYOR	\N	2026-02-23 11:59:38.713078-03	2026-02-23 11:59:38.715434-03	120
121	\N	FIGURA SOLA EN RSH, EN PROCESO DE REGULARIZACIÓN	\N	2026-02-23 11:59:38.745485-03	2026-02-23 11:59:38.748007-03	121
122	MATERIALES DE CONSTRUCCIÓN	\N	\N	2026-02-23 11:59:38.781305-03	2026-02-23 11:59:38.784593-03	122
123	SUBSIDIO MEJORAMIENTO VIVIENDA	NO TIENE LIBRETA DE AHORRO VIVIENDA	\N	2026-02-23 11:59:38.819401-03	2026-02-23 11:59:38.821446-03	123
124	\N	ESTÁ EN LISTADO CONSTRUCCIÓN VIVIENDA	SE TIENE QUE ABRIR LIBRETA DE AHORRO	2026-02-23 11:59:38.853532-03	2026-02-23 11:59:38.855588-03	124
125	\N	EN LISTADO PARA MEJORAMIENTO	\N	2026-02-23 11:59:38.89521-03	2026-02-23 11:59:38.897129-03	125
126	\N	EN  BIENES NACIONALES	\N	2026-02-23 11:59:38.930474-03	2026-02-23 11:59:38.932506-03	126
127	TERMINAR ENSEÑANZA MEDIA, SUBSIDIO MEJORAMIENTO	\N	\N	2026-02-23 11:59:38.96904-03	2026-02-23 11:59:38.971274-03	127
128	\N	AVERIGUAR SI LE CONVIENE CASARSE	\N	2026-02-23 11:59:39.006775-03	2026-02-23 11:59:39.009395-03	128
129	SUBSIDIO MEJORAMIENTO	NECESITA URGENTE BAÑO DENTRO DE LA CASA	\N	2026-02-23 11:59:39.045261-03	2026-02-23 11:59:39.047757-03	129
\.


--
-- Data for Name: app_asistencia; Type: TABLE DATA; Schema: public; Owner: postgres
--

COPY public.app_asistencia (id, presente, fecha_registro, notas, cliente_id, registro_asunto_id) FROM stdin;
377	t	2026-03-02 12:13:24.83288-03	\N	189	1
378	t	2026-03-02 12:13:24.832909-03	\N	7	1
379	t	2026-03-02 12:13:24.832925-03	\N	44	1
380	t	2026-03-02 12:13:24.832934-03	\N	19	1
381	t	2026-03-02 12:13:24.832942-03	\N	182	1
382	f	2026-03-02 12:13:24.83295-03	\N	36	1
383	f	2026-03-02 12:13:24.832957-03	\N	97	1
384	t	2026-03-02 12:13:24.833093-03	\N	211	1
385	t	2026-03-02 12:13:24.833101-03	\N	38	2
386	f	2026-03-02 12:13:24.833109-03	\N	93	2
387	t	2026-03-02 12:13:24.833116-03	\N	59	2
388	t	2026-03-02 12:13:24.833124-03	\N	62	2
389	t	2026-03-02 12:13:24.833133-03	\N	133	2
390	t	2026-03-02 12:13:24.83314-03	\N	232	2
391	t	2026-03-02 12:13:24.833147-03	\N	200	2
392	t	2026-03-02 12:13:24.833154-03	\N	4	2
393	t	2026-03-02 12:13:24.833162-03	\N	148	2
394	t	2026-03-02 12:13:24.833169-03	\N	10	2
395	t	2026-03-02 12:13:24.833176-03	\N	11	2
396	t	2026-03-02 12:13:24.833183-03	\N	100	2
397	f	2026-03-02 12:13:24.833191-03	\N	38	3
398	t	2026-03-02 12:13:24.833198-03	\N	79	3
399	f	2026-03-02 12:13:24.833206-03	\N	220	3
400	t	2026-03-02 12:13:24.833213-03	\N	111	3
401	t	2026-03-02 12:13:24.833221-03	\N	135	3
402	t	2026-03-02 12:13:24.833229-03	\N	226	3
403	t	2026-03-02 12:13:24.833236-03	\N	142	3
404	t	2026-03-02 12:13:24.833244-03	\N	170	4
405	t	2026-03-02 12:13:24.833251-03	\N	70	4
406	t	2026-03-02 12:13:24.833258-03	\N	79	4
407	t	2026-03-02 12:13:24.833265-03	\N	47	4
408	f	2026-03-02 12:13:24.833272-03	\N	220	4
409	t	2026-03-02 12:13:24.83328-03	\N	135	4
410	f	2026-03-02 12:13:24.833287-03	\N	186	4
411	t	2026-03-02 12:13:24.833295-03	\N	111	4
412	t	2026-03-02 12:13:24.833302-03	\N	38	4
413	t	2026-03-02 12:13:24.833309-03	\N	142	4
414	f	2026-03-02 12:13:24.833316-03	\N	1	4
415	t	2026-03-02 12:13:24.833323-03	\N	23	4
416	t	2026-03-02 12:13:24.83333-03	\N	43	4
417	t	2026-03-02 12:13:24.833338-03	\N	226	4
418	f	2026-03-02 12:13:24.833345-03	\N	180	4
419	t	2026-03-02 12:13:24.833353-03	\N	243	5
420	t	2026-03-02 12:13:24.83336-03	\N	146	5
421	t	2026-03-02 12:13:24.833367-03	\N	44	5
422	t	2026-03-02 12:13:24.833374-03	\N	215	5
423	f	2026-03-02 12:13:24.833381-03	\N	48	5
424	t	2026-03-02 12:13:24.833388-03	\N	111	5
425	t	2026-03-02 12:13:24.833395-03	\N	126	5
426	t	2026-03-02 12:13:24.833402-03	\N	194	5
427	t	2026-03-02 12:13:24.833409-03	\N	196	5
428	t	2026-03-02 12:13:24.833416-03	\N	149	5
429	t	2026-03-02 12:13:24.833424-03	\N	93	5
430	t	2026-03-02 12:13:24.833432-03	\N	200	5
431	f	2026-03-02 12:13:24.83344-03	\N	6	5
432	t	2026-03-02 12:13:24.833447-03	\N	68	5
433	t	2026-03-02 12:13:24.833455-03	\N	115	5
434	t	2026-03-02 12:13:24.833462-03	\N	94	5
435	t	2026-03-02 12:13:24.833469-03	\N	178	5
436	t	2026-03-02 12:13:24.833476-03	\N	53	5
437	t	2026-03-02 12:13:24.833484-03	\N	172	5
438	t	2026-03-02 12:13:24.83349-03	\N	166	5
439	f	2026-03-02 12:13:24.833497-03	\N	235	5
440	t	2026-03-02 12:13:24.833505-03	\N	154	5
441	t	2026-03-02 12:13:24.833512-03	\N	146	6
442	t	2026-03-02 12:13:24.83352-03	\N	44	6
443	t	2026-03-02 12:13:24.833528-03	\N	126	6
444	t	2026-03-02 12:13:24.833535-03	\N	94	6
445	t	2026-03-02 12:13:24.833542-03	\N	111	6
446	t	2026-03-02 12:13:24.833549-03	\N	200	6
447	f	2026-03-02 12:13:24.833556-03	\N	103	6
448	t	2026-03-02 12:13:24.833563-03	\N	215	6
449	t	2026-03-02 12:13:24.833571-03	\N	108	6
450	t	2026-03-02 12:13:24.833578-03	\N	196	6
451	t	2026-03-02 12:13:24.833586-03	\N	48	6
452	t	2026-03-02 12:13:24.833594-03	\N	166	6
453	t	2026-03-02 12:13:24.833601-03	\N	235	6
454	t	2026-03-02 12:13:24.833614-03	\N	172	6
455	t	2026-03-02 12:13:24.833622-03	\N	53	6
456	t	2026-03-02 12:13:24.833629-03	\N	148	7
457	t	2026-03-02 12:13:24.833636-03	\N	208	7
458	t	2026-03-02 12:13:24.833644-03	\N	59	8
459	t	2026-03-02 12:13:24.83365-03	\N	138	8
460	t	2026-03-02 12:13:24.833659-03	\N	196	8
461	f	2026-03-02 12:13:24.833666-03	\N	139	8
462	t	2026-03-02 12:13:24.833674-03	\N	12	8
463	t	2026-03-02 12:13:24.833681-03	\N	41	8
464	t	2026-03-02 12:13:24.833688-03	\N	113	9
465	t	2026-03-02 12:13:24.833695-03	\N	169	9
466	f	2026-03-02 12:13:24.833702-03	\N	6	9
467	t	2026-03-02 12:13:24.833709-03	\N	48	10
468	t	2026-03-02 12:13:24.833716-03	\N	113	10
469	t	2026-03-02 12:13:24.833723-03	\N	131	10
470	t	2026-03-02 12:13:24.83373-03	\N	29	11
471	t	2026-03-02 12:13:24.833737-03	\N	45	11
472	t	2026-03-02 12:13:24.833745-03	\N	98	11
473	t	2026-03-02 12:13:24.833752-03	\N	198	11
474	f	2026-03-02 12:13:24.833758-03	\N	173	11
475	t	2026-03-02 12:13:24.833766-03	\N	60	11
476	t	2026-03-02 12:13:24.833775-03	\N	194	11
477	t	2026-03-02 12:13:24.833782-03	\N	175	11
478	t	2026-03-02 12:13:24.833789-03	\N	54	11
479	t	2026-03-02 12:13:24.833796-03	\N	96	11
480	t	2026-03-02 12:13:24.833803-03	\N	91	11
481	t	2026-03-02 12:13:24.83381-03	\N	70	12
482	t	2026-03-02 12:13:24.833818-03	\N	70	13
483	t	2026-03-02 12:13:24.833826-03	\N	175	13
484	t	2026-03-02 12:13:24.833833-03	\N	198	13
485	t	2026-03-02 12:13:24.83384-03	\N	230	13
486	t	2026-03-02 12:13:24.833847-03	\N	161	13
487	t	2026-03-02 12:13:24.833854-03	\N	220	13
488	t	2026-03-02 12:13:24.833861-03	\N	94	13
489	f	2026-03-02 12:13:24.833868-03	\N	6	13
490	t	2026-03-02 12:13:24.833875-03	\N	243	13
491	t	2026-03-02 12:13:24.833882-03	\N	155	13
492	t	2026-03-02 12:13:24.83389-03	\N	151	13
493	f	2026-03-02 12:13:24.833897-03	\N	124	13
494	f	2026-03-02 12:13:24.833904-03	\N	103	14
495	t	2026-03-02 12:13:24.833912-03	\N	169	14
496	t	2026-03-02 12:13:24.833919-03	\N	126	14
497	t	2026-03-02 12:13:24.833926-03	\N	215	14
498	t	2026-03-02 12:13:24.833934-03	\N	94	14
499	t	2026-03-02 12:13:24.833942-03	\N	14	14
500	t	2026-03-02 12:13:24.833949-03	\N	34	14
501	t	2026-03-02 12:13:24.833957-03	\N	86	15
502	t	2026-03-02 12:13:24.833964-03	\N	44	15
503	t	2026-03-02 12:13:24.833971-03	\N	7	15
504	t	2026-03-02 12:13:24.833979-03	\N	73	15
505	t	2026-03-02 12:13:24.833986-03	\N	45	15
506	t	2026-03-02 12:13:24.833994-03	\N	165	15
507	t	2026-03-02 12:13:24.834001-03	\N	70	15
508	t	2026-03-02 12:13:24.834008-03	\N	79	15
509	t	2026-03-02 12:13:24.834015-03	\N	234	15
510	t	2026-03-02 12:13:24.834022-03	\N	96	15
511	t	2026-03-02 12:13:24.834029-03	\N	55	15
512	t	2026-03-02 12:13:24.834036-03	\N	127	16
513	t	2026-03-02 12:13:24.834043-03	\N	226	16
514	t	2026-03-02 12:13:24.834051-03	\N	198	17
515	t	2026-03-02 12:13:24.834058-03	\N	243	17
516	t	2026-03-02 12:13:24.834065-03	\N	9	17
517	t	2026-03-02 12:13:24.834072-03	\N	60	17
518	t	2026-03-02 12:13:24.834079-03	\N	173	17
519	t	2026-03-02 12:13:24.834086-03	\N	228	17
520	f	2026-03-02 12:13:24.834092-03	\N	48	17
521	t	2026-03-02 12:13:24.8341-03	\N	138	17
522	t	2026-03-02 12:13:24.834106-03	\N	148	17
523	t	2026-03-02 12:13:24.834114-03	\N	194	17
524	f	2026-03-02 12:13:24.83412-03	\N	196	17
525	t	2026-03-02 12:13:24.834128-03	\N	116	17
526	f	2026-03-02 12:13:24.834135-03	\N	126	17
527	f	2026-03-02 12:13:24.834144-03	\N	105	17
528	t	2026-03-02 12:13:24.834152-03	\N	149	17
529	t	2026-03-02 12:13:24.83416-03	\N	93	17
530	t	2026-03-02 12:13:24.834166-03	\N	6	17
531	f	2026-03-02 12:13:24.834173-03	\N	209	17
532	t	2026-03-02 12:13:24.834182-03	\N	241	17
533	f	2026-03-02 12:13:24.83419-03	\N	40	17
534	t	2026-03-02 12:13:24.834197-03	\N	157	17
535	t	2026-03-02 12:13:24.834205-03	\N	140	17
536	t	2026-03-02 12:13:24.834212-03	\N	112	17
537	f	2026-03-02 12:13:24.834219-03	\N	151	17
538	t	2026-03-02 12:13:24.834226-03	\N	130	17
539	t	2026-03-02 12:13:24.834233-03	\N	120	17
540	t	2026-03-02 12:13:24.83424-03	\N	202	17
541	t	2026-03-02 12:13:24.834247-03	\N	212	17
542	t	2026-03-02 12:13:24.834253-03	\N	176	17
543	t	2026-03-02 12:13:24.83426-03	\N	182	18
544	f	2026-03-02 12:13:24.834268-03	\N	70	18
545	f	2026-03-02 12:13:24.834275-03	\N	44	18
546	t	2026-03-02 12:13:24.834282-03	\N	86	18
547	f	2026-03-02 12:13:24.834289-03	\N	149	18
548	t	2026-03-02 12:13:24.834298-03	\N	73	18
549	f	2026-03-02 12:13:24.834305-03	\N	62	18
550	t	2026-03-02 12:13:24.834313-03	\N	13	18
551	t	2026-03-02 12:13:24.83432-03	\N	138	18
552	t	2026-03-02 12:13:24.834327-03	\N	211	18
553	t	2026-03-02 12:13:24.834334-03	\N	155	18
554	t	2026-03-02 12:13:24.834341-03	\N	154	18
555	f	2026-03-02 12:13:24.834349-03	\N	55	18
556	t	2026-03-02 12:13:24.834356-03	\N	36	19
557	t	2026-03-02 12:13:24.834363-03	\N	70	19
558	f	2026-03-02 12:13:24.83437-03	\N	136	19
559	f	2026-03-02 12:13:24.834377-03	\N	103	19
560	t	2026-03-02 12:13:24.834384-03	\N	50	19
561	t	2026-03-02 12:13:24.834391-03	\N	54	19
562	t	2026-03-02 12:13:24.834398-03	\N	201	19
563	t	2026-03-02 12:13:24.834405-03	\N	169	20
564	t	2026-03-02 12:13:24.834413-03	\N	75	20
565	t	2026-03-02 12:13:24.83442-03	\N	51	20
566	t	2026-03-02 12:13:24.834428-03	\N	19	20
567	t	2026-03-02 12:13:24.834435-03	\N	18	20
568	t	2026-03-02 12:13:24.834441-03	\N	178	20
569	t	2026-03-02 12:13:24.834448-03	\N	168	20
570	t	2026-03-02 12:13:24.834457-03	\N	85	20
571	t	2026-03-02 12:13:24.834465-03	\N	182	21
572	f	2026-03-02 12:13:24.834472-03	\N	199	21
573	t	2026-03-02 12:13:24.834479-03	\N	114	21
574	t	2026-03-02 12:13:24.834486-03	\N	126	22
575	t	2026-03-02 12:13:24.834493-03	\N	113	22
576	t	2026-03-02 12:13:24.834501-03	\N	99	22
577	f	2026-03-02 12:13:24.834508-03	\N	49	23
578	t	2026-03-02 12:13:24.834515-03	\N	196	24
579	t	2026-03-02 12:13:24.834522-03	\N	243	24
580	t	2026-03-02 12:13:24.83453-03	\N	94	24
581	t	2026-03-02 12:13:24.834537-03	\N	19	24
582	t	2026-03-02 12:13:24.834544-03	\N	13	24
583	t	2026-03-02 12:13:24.834551-03	\N	148	24
584	t	2026-03-02 12:13:24.834558-03	\N	66	24
585	t	2026-03-02 12:13:24.834565-03	\N	6	24
586	t	2026-03-02 12:13:24.834573-03	\N	46	24
587	t	2026-03-02 12:13:24.83458-03	\N	45	24
588	t	2026-03-02 12:13:24.834588-03	\N	4	24
589	t	2026-03-02 12:13:24.834595-03	\N	51	24
590	t	2026-03-02 12:13:24.834602-03	\N	218	24
591	t	2026-03-02 12:13:24.834609-03	\N	238	24
592	t	2026-03-02 12:13:24.834616-03	\N	157	24
593	t	2026-03-02 12:13:24.834623-03	\N	52	24
594	t	2026-03-02 12:13:24.83463-03	\N	46	25
595	t	2026-03-02 12:13:24.834637-03	\N	148	25
596	t	2026-03-02 12:13:24.834645-03	\N	196	25
597	t	2026-03-02 12:13:24.834652-03	\N	13	25
598	t	2026-03-02 12:13:24.83466-03	\N	198	25
599	t	2026-03-02 12:13:24.834667-03	\N	4	25
600	f	2026-03-02 12:13:24.834674-03	\N	200	25
601	f	2026-03-02 12:13:24.834683-03	\N	107	25
602	t	2026-03-02 12:13:24.83469-03	\N	238	25
603	t	2026-03-02 12:13:24.834697-03	\N	218	25
604	f	2026-03-02 12:13:24.834704-03	\N	19	26
605	t	2026-03-02 12:13:24.834711-03	\N	198	26
606	t	2026-03-02 12:13:24.834718-03	\N	4	26
607	t	2026-03-02 12:13:24.834725-03	\N	66	26
608	t	2026-03-02 12:13:24.834733-03	\N	200	26
609	t	2026-03-02 12:13:24.83474-03	\N	94	26
610	t	2026-03-02 12:13:24.834748-03	\N	148	26
611	t	2026-03-02 12:13:24.834755-03	\N	46	26
612	t	2026-03-02 12:13:24.834762-03	\N	51	26
613	t	2026-03-02 12:13:24.834768-03	\N	6	26
614	t	2026-03-02 12:13:24.834783-03	\N	196	26
615	t	2026-03-02 12:13:24.834792-03	\N	45	26
616	t	2026-03-02 12:13:24.834799-03	\N	243	26
617	t	2026-03-02 12:13:24.834808-03	\N	238	26
618	t	2026-03-02 12:13:24.834816-03	\N	218	26
619	t	2026-03-02 12:13:24.834823-03	\N	225	26
620	t	2026-03-02 12:13:24.83483-03	\N	63	26
621	t	2026-03-02 12:13:24.834837-03	\N	52	26
622	t	2026-03-02 12:13:24.834845-03	\N	68	27
623	t	2026-03-02 12:13:24.834852-03	\N	217	27
624	t	2026-03-02 12:13:24.834859-03	\N	165	28
625	t	2026-03-02 12:13:24.834867-03	\N	47	28
626	t	2026-03-02 12:13:24.834873-03	\N	21	28
627	f	2026-03-02 12:13:24.834881-03	\N	75	29
628	f	2026-03-02 12:13:24.834888-03	\N	49	29
629	t	2026-03-02 12:13:24.834895-03	\N	18	29
630	t	2026-03-02 12:13:24.834902-03	\N	85	29
631	t	2026-03-02 12:13:24.834909-03	\N	168	29
632	t	2026-03-02 12:13:24.834916-03	\N	194	30
633	t	2026-03-02 12:13:24.834925-03	\N	227	30
634	t	2026-03-02 12:13:24.834933-03	\N	228	31
635	f	2026-03-02 12:13:24.83494-03	\N	178	31
636	t	2026-03-02 12:13:24.834947-03	\N	18	32
637	t	2026-03-02 12:13:24.834954-03	\N	75	32
638	f	2026-03-02 12:13:24.834961-03	\N	46	32
639	t	2026-03-02 12:13:24.834969-03	\N	105	32
640	t	2026-03-02 12:13:24.834976-03	\N	51	32
641	t	2026-03-02 12:13:24.834983-03	\N	13	32
642	t	2026-03-02 12:13:24.83499-03	\N	196	32
643	f	2026-03-02 12:13:24.834998-03	\N	70	32
644	t	2026-03-02 12:13:24.835005-03	\N	194	32
645	t	2026-03-02 12:13:24.835011-03	\N	148	32
646	t	2026-03-02 12:13:24.835019-03	\N	42	32
647	t	2026-03-02 12:13:24.835026-03	\N	148	33
648	t	2026-03-02 12:13:24.835033-03	\N	178	33
649	f	2026-03-02 12:13:24.83504-03	\N	108	33
650	t	2026-03-02 12:13:24.835048-03	\N	79	33
651	t	2026-03-02 12:13:24.835055-03	\N	116	33
652	t	2026-03-02 12:13:24.835062-03	\N	243	33
653	t	2026-03-02 12:13:24.835069-03	\N	46	33
654	t	2026-03-02 12:13:24.835076-03	\N	189	33
655	t	2026-03-02 12:13:24.835082-03	\N	200	33
656	f	2026-03-02 12:13:24.835089-03	\N	48	33
657	t	2026-03-02 12:13:24.835096-03	\N	66	33
658	t	2026-03-02 12:13:24.835104-03	\N	156	33
659	t	2026-03-02 12:13:24.835111-03	\N	196	33
660	t	2026-03-02 12:13:24.835118-03	\N	198	33
661	t	2026-03-02 12:13:24.835124-03	\N	94	33
662	t	2026-03-02 12:13:24.835132-03	\N	51	33
663	f	2026-03-02 12:13:24.835139-03	\N	164	33
664	t	2026-03-02 12:13:24.835146-03	\N	58	33
665	t	2026-03-02 12:13:24.835155-03	\N	218	33
666	t	2026-03-02 12:13:24.835162-03	\N	16	33
667	t	2026-03-02 12:13:24.835169-03	\N	238	33
668	f	2026-03-02 12:13:24.835177-03	\N	35	33
669	t	2026-03-02 12:13:24.835184-03	\N	94	34
670	t	2026-03-02 12:13:24.835191-03	\N	188	34
671	t	2026-03-02 12:13:24.835198-03	\N	194	34
672	f	2026-03-02 12:13:24.835205-03	\N	200	35
673	t	2026-03-02 12:13:24.835212-03	\N	226	35
674	t	2026-03-02 12:13:24.835219-03	\N	43	35
675	t	2026-03-02 12:13:24.835226-03	\N	13	36
676	t	2026-03-02 12:13:24.835233-03	\N	86	36
677	t	2026-03-02 12:13:24.83524-03	\N	62	36
678	t	2026-03-02 12:13:24.835247-03	\N	175	36
679	t	2026-03-02 12:13:24.835254-03	\N	108	36
680	f	2026-03-02 12:13:24.835261-03	\N	230	36
681	t	2026-03-02 12:13:24.835268-03	\N	205	36
682	t	2026-03-02 12:13:24.835275-03	\N	228	36
683	t	2026-03-02 12:13:24.835282-03	\N	173	36
684	t	2026-03-02 12:13:24.83529-03	\N	42	36
685	t	2026-03-02 12:13:24.835297-03	\N	37	36
686	t	2026-03-02 12:13:24.835305-03	\N	31	36
687	t	2026-03-02 12:13:24.835312-03	\N	2	36
688	t	2026-03-02 12:13:24.835319-03	\N	232	37
689	t	2026-03-02 12:13:24.835326-03	\N	208	37
690	t	2026-03-02 12:13:24.835334-03	\N	71	38
691	t	2026-03-02 12:13:24.835342-03	\N	103	38
692	t	2026-03-02 12:13:24.835349-03	\N	231	38
693	t	2026-03-02 12:13:24.835356-03	\N	188	39
694	t	2026-03-02 12:13:24.835363-03	\N	161	39
695	t	2026-03-02 12:13:24.83537-03	\N	68	39
696	t	2026-03-02 12:13:24.835377-03	\N	113	39
697	t	2026-03-02 12:13:24.835386-03	\N	169	39
698	f	2026-03-02 12:13:24.835393-03	\N	36	39
699	t	2026-03-02 12:13:24.8354-03	\N	173	39
700	t	2026-03-02 12:13:24.835408-03	\N	43	39
701	t	2026-03-02 12:13:24.835415-03	\N	139	39
702	t	2026-03-02 12:13:24.835424-03	\N	26	39
703	t	2026-03-02 12:13:24.835431-03	\N	231	42
704	t	2026-03-02 12:13:24.835439-03	\N	57	42
705	t	2026-03-02 12:13:24.835446-03	\N	163	42
706	f	2026-03-02 12:13:24.835453-03	\N	169	42
707	t	2026-03-02 12:13:24.83546-03	\N	3	42
708	t	2026-03-02 12:13:24.835467-03	\N	232	42
709	t	2026-03-02 12:13:24.835474-03	\N	36	42
710	t	2026-03-02 12:13:24.835482-03	\N	186	42
711	t	2026-03-02 12:13:24.835489-03	\N	68	42
712	t	2026-03-02 12:13:24.835497-03	\N	113	42
713	t	2026-03-02 12:13:24.835504-03	\N	188	42
714	t	2026-03-02 12:13:24.835511-03	\N	15	42
715	t	2026-03-02 12:13:24.835518-03	\N	173	42
716	t	2026-03-02 12:13:24.835525-03	\N	133	42
717	t	2026-03-02 12:13:24.835532-03	\N	216	42
718	t	2026-03-02 12:13:24.835539-03	\N	43	42
719	t	2026-03-02 12:13:24.835547-03	\N	139	42
720	t	2026-03-02 12:13:24.835554-03	\N	225	42
721	t	2026-03-02 12:13:24.835561-03	\N	26	42
722	t	2026-03-02 12:13:24.835569-03	\N	71	41
723	t	2026-03-02 12:13:24.835576-03	\N	186	41
724	t	2026-03-02 12:13:24.835583-03	\N	126	41
725	t	2026-03-02 12:13:24.83559-03	\N	57	41
726	t	2026-03-02 12:13:24.835597-03	\N	161	41
727	t	2026-03-02 12:13:24.835604-03	\N	68	41
728	t	2026-03-02 12:13:24.835611-03	\N	3	41
729	t	2026-03-02 12:13:24.83562-03	\N	15	41
730	t	2026-03-02 12:13:24.835628-03	\N	113	41
731	t	2026-03-02 12:13:24.835636-03	\N	47	41
732	t	2026-03-02 12:13:24.835643-03	\N	173	41
733	t	2026-03-02 12:13:24.835651-03	\N	169	41
734	f	2026-03-02 12:13:24.835658-03	\N	36	41
735	t	2026-03-02 12:13:24.835665-03	\N	133	41
736	f	2026-03-02 12:13:24.835672-03	\N	188	41
737	t	2026-03-02 12:13:24.835678-03	\N	233	41
738	f	2026-03-02 12:13:24.835686-03	\N	26	41
739	t	2026-03-02 12:13:24.835694-03	\N	225	41
740	t	2026-03-02 12:13:24.835701-03	\N	43	41
741	t	2026-03-02 12:13:24.835708-03	\N	139	41
742	t	2026-03-02 12:13:24.835716-03	\N	57	40
743	t	2026-03-02 12:13:24.835724-03	\N	161	40
744	t	2026-03-02 12:13:24.835731-03	\N	113	40
745	t	2026-03-02 12:13:24.835738-03	\N	173	40
746	t	2026-03-02 12:13:24.835745-03	\N	163	40
747	t	2026-03-02 12:13:24.835752-03	\N	3	40
748	t	2026-03-02 12:13:24.835759-03	\N	186	40
749	t	2026-03-02 12:13:24.835766-03	\N	133	40
750	f	2026-03-02 12:13:24.835773-03	\N	47	40
751	f	2026-03-02 12:13:24.835781-03	\N	26	40
752	t	2026-03-02 12:13:24.835788-03	\N	216	40
753	t	2026-03-02 12:13:24.835796-03	\N	139	40
754	t	2026-03-02 12:13:24.835803-03	\N	43	40
755	f	2026-03-02 12:13:24.83581-03	\N	161	45
756	t	2026-03-02 12:13:24.835817-03	\N	231	45
757	t	2026-03-02 12:13:24.835824-03	\N	57	45
758	t	2026-03-02 12:13:24.835831-03	\N	47	45
759	t	2026-03-02 12:13:24.835838-03	\N	3	45
760	f	2026-03-02 12:13:24.835845-03	\N	133	45
761	t	2026-03-02 12:13:24.83586-03	\N	163	45
762	f	2026-03-02 12:13:24.835868-03	\N	186	45
763	t	2026-03-02 12:13:24.835875-03	\N	36	45
764	t	2026-03-02 12:13:24.835883-03	\N	173	45
765	t	2026-03-02 12:13:24.83589-03	\N	216	45
766	t	2026-03-02 12:13:24.835897-03	\N	139	45
767	f	2026-03-02 12:13:24.835904-03	\N	43	45
768	t	2026-03-02 12:13:24.835911-03	\N	225	45
769	f	2026-03-02 12:13:24.835918-03	\N	169	44
770	t	2026-03-02 12:13:24.835925-03	\N	47	44
771	t	2026-03-02 12:13:24.835932-03	\N	68	44
772	f	2026-03-02 12:13:24.83594-03	\N	15	44
773	t	2026-03-02 12:13:24.835947-03	\N	113	44
774	f	2026-03-02 12:13:24.835954-03	\N	163	44
775	t	2026-03-02 12:13:24.835961-03	\N	36	44
776	t	2026-03-02 12:13:24.835968-03	\N	126	44
777	t	2026-03-02 12:13:24.835975-03	\N	57	44
778	t	2026-03-02 12:13:24.835983-03	\N	232	44
779	t	2026-03-02 12:13:24.83599-03	\N	188	44
780	t	2026-03-02 12:13:24.835997-03	\N	133	44
781	t	2026-03-02 12:13:24.836004-03	\N	186	44
782	t	2026-03-02 12:13:24.836011-03	\N	231	44
783	f	2026-03-02 12:13:24.836018-03	\N	161	44
784	t	2026-03-02 12:13:24.836025-03	\N	225	44
785	t	2026-03-02 12:13:24.836032-03	\N	233	44
786	t	2026-03-02 12:13:24.836039-03	\N	139	44
787	t	2026-03-02 12:13:24.836046-03	\N	216	44
788	t	2026-03-02 12:13:24.836054-03	\N	26	44
789	t	2026-03-02 12:13:24.836062-03	\N	43	44
790	t	2026-03-02 12:13:24.836069-03	\N	126	43
791	t	2026-03-02 12:13:24.836076-03	\N	186	43
792	t	2026-03-02 12:13:24.836083-03	\N	113	43
793	t	2026-03-02 12:13:24.836091-03	\N	36	43
794	t	2026-03-02 12:13:24.836098-03	\N	173	43
795	t	2026-03-02 12:13:24.836105-03	\N	231	43
796	t	2026-03-02 12:13:24.836112-03	\N	47	43
797	f	2026-03-02 12:13:24.836119-03	\N	133	43
798	t	2026-03-02 12:13:24.836126-03	\N	57	43
799	t	2026-03-02 12:13:24.836132-03	\N	68	43
800	t	2026-03-02 12:13:24.836139-03	\N	163	43
801	t	2026-03-02 12:13:24.836146-03	\N	169	43
802	f	2026-03-02 12:13:24.836153-03	\N	225	43
803	t	2026-03-02 12:13:24.83616-03	\N	139	43
804	t	2026-03-02 12:13:24.836167-03	\N	216	43
805	t	2026-03-02 12:13:24.836174-03	\N	26	43
806	t	2026-03-02 12:13:24.836181-03	\N	233	43
807	t	2026-03-02 12:13:24.836188-03	\N	163	46
808	t	2026-03-02 12:13:24.836196-03	\N	188	46
809	t	2026-03-02 12:13:24.836203-03	\N	71	46
810	t	2026-03-02 12:13:24.836209-03	\N	3	46
811	f	2026-03-02 12:13:24.836216-03	\N	36	46
812	t	2026-03-02 12:13:24.836223-03	\N	68	46
813	t	2026-03-02 12:13:24.836229-03	\N	169	46
814	t	2026-03-02 12:13:24.836237-03	\N	113	46
815	t	2026-03-02 12:13:24.836244-03	\N	57	46
816	t	2026-03-02 12:13:24.836251-03	\N	15	46
817	t	2026-03-02 12:13:24.836258-03	\N	173	46
818	t	2026-03-02 12:13:24.836265-03	\N	231	46
819	f	2026-03-02 12:13:24.836272-03	\N	133	46
820	t	2026-03-02 12:13:24.836278-03	\N	47	46
821	f	2026-03-02 12:13:24.836285-03	\N	232	46
822	t	2026-03-02 12:13:24.836292-03	\N	186	46
823	t	2026-03-02 12:13:24.836299-03	\N	126	46
824	t	2026-03-02 12:13:24.836306-03	\N	161	46
825	t	2026-03-02 12:13:24.836313-03	\N	26	46
826	f	2026-03-02 12:13:24.83632-03	\N	43	46
827	f	2026-03-02 12:13:24.836327-03	\N	233	46
828	t	2026-03-02 12:13:24.836334-03	\N	216	46
829	t	2026-03-02 12:13:24.836341-03	\N	225	46
830	t	2026-03-02 12:13:24.836348-03	\N	139	46
831	t	2026-03-02 12:13:24.836355-03	\N	81	47
832	t	2026-03-02 12:13:24.836361-03	\N	21	47
833	t	2026-03-02 12:13:24.836368-03	\N	9	48
834	t	2026-03-02 12:13:24.836378-03	\N	104	48
835	t	2026-03-02 12:13:24.836386-03	\N	178	49
836	t	2026-03-02 12:13:24.836393-03	\N	66	50
837	t	2026-03-02 12:13:24.8364-03	\N	45	50
838	t	2026-03-02 12:13:24.836406-03	\N	146	50
839	t	2026-03-02 12:13:24.836413-03	\N	113	51
840	t	2026-03-02 12:13:24.83642-03	\N	161	52
841	t	2026-03-02 12:13:24.836427-03	\N	189	52
842	t	2026-03-02 12:13:24.836434-03	\N	66	52
843	t	2026-03-02 12:13:24.83644-03	\N	4	52
844	t	2026-03-02 12:13:24.836447-03	\N	215	52
845	t	2026-03-02 12:13:24.836454-03	\N	233	52
846	t	2026-03-02 12:13:24.836461-03	\N	176	52
847	t	2026-03-02 12:13:24.836469-03	\N	4	53
848	t	2026-03-02 12:13:24.836476-03	\N	189	53
849	f	2026-03-02 12:13:24.836483-03	\N	215	53
850	f	2026-03-02 12:13:24.83649-03	\N	161	53
851	t	2026-03-02 12:13:24.836496-03	\N	66	53
852	t	2026-03-02 12:13:24.836503-03	\N	176	53
853	t	2026-03-02 12:13:24.83651-03	\N	233	53
854	t	2026-03-02 12:13:24.836517-03	\N	185	53
855	t	2026-03-02 12:13:24.836524-03	\N	4	54
856	t	2026-03-02 12:13:24.836531-03	\N	189	54
857	t	2026-03-02 12:13:24.836538-03	\N	161	54
858	t	2026-03-02 12:13:24.836545-03	\N	66	54
859	t	2026-03-02 12:13:24.836552-03	\N	215	54
860	t	2026-03-02 12:13:24.836559-03	\N	176	54
861	f	2026-03-02 12:13:24.836566-03	\N	233	54
862	t	2026-03-02 12:13:24.836573-03	\N	185	54
863	f	2026-03-02 12:13:24.83658-03	\N	135	55
864	t	2026-03-02 12:13:24.836587-03	\N	146	55
865	t	2026-03-02 12:13:24.836593-03	\N	196	55
866	t	2026-03-02 12:13:24.8366-03	\N	51	55
867	t	2026-03-02 12:13:24.836608-03	\N	75	55
868	t	2026-03-02 12:13:24.836614-03	\N	36	55
869	t	2026-03-02 12:13:24.836621-03	\N	103	55
870	f	2026-03-02 12:13:24.836628-03	\N	215	55
871	t	2026-03-02 12:13:24.836635-03	\N	87	55
872	t	2026-03-02 12:13:24.836643-03	\N	37	55
873	t	2026-03-02 12:13:24.83665-03	\N	20	55
874	t	2026-03-02 12:13:24.836656-03	\N	159	55
875	f	2026-03-02 12:13:24.836663-03	\N	27	55
876	t	2026-03-02 12:13:24.836671-03	\N	188	56
877	t	2026-03-02 12:13:24.836678-03	\N	6	57
878	t	2026-03-02 12:13:24.836685-03	\N	186	57
879	t	2026-03-02 12:13:24.836692-03	\N	1	57
880	t	2026-03-02 12:13:24.836699-03	\N	156	61
881	t	2026-03-02 12:13:24.836706-03	\N	21	61
882	t	2026-03-02 12:13:24.836713-03	\N	165	61
883	f	2026-03-02 12:13:24.836719-03	\N	100	61
884	f	2026-03-02 12:13:24.836726-03	\N	191	61
885	t	2026-03-02 12:13:24.836733-03	\N	21	60
886	f	2026-03-02 12:13:24.83674-03	\N	165	60
887	t	2026-03-02 12:13:24.836747-03	\N	156	60
888	t	2026-03-02 12:13:24.836754-03	\N	103	60
889	f	2026-03-02 12:13:24.836761-03	\N	59	60
890	t	2026-03-02 12:13:24.836768-03	\N	100	60
891	t	2026-03-02 12:13:24.836775-03	\N	191	60
892	t	2026-03-02 12:13:24.836787-03	\N	165	59
893	f	2026-03-02 12:13:24.836795-03	\N	182	59
894	t	2026-03-02 12:13:24.836802-03	\N	175	59
895	t	2026-03-02 12:13:24.836808-03	\N	100	59
896	t	2026-03-02 12:13:24.836815-03	\N	191	59
897	t	2026-03-02 12:13:24.836823-03	\N	156	58
898	t	2026-03-02 12:13:24.836834-03	\N	59	58
899	t	2026-03-02 12:13:24.836841-03	\N	175	58
900	t	2026-03-02 12:13:24.836849-03	\N	191	58
901	f	2026-03-02 12:13:24.836856-03	\N	169	62
902	t	2026-03-02 12:13:24.836862-03	\N	75	63
903	t	2026-03-02 12:13:24.83687-03	\N	81	64
904	t	2026-03-02 12:13:24.836877-03	\N	215	64
905	t	2026-03-02 12:13:24.836884-03	\N	122	65
906	t	2026-03-02 12:13:24.836891-03	\N	136	66
907	t	2026-03-02 12:13:24.836898-03	\N	48	66
908	t	2026-03-02 12:13:24.836905-03	\N	158	66
909	t	2026-03-02 12:13:24.836911-03	\N	44	67
910	t	2026-03-02 12:13:24.836918-03	\N	182	67
911	f	2026-03-02 12:13:24.836925-03	\N	176	67
912	t	2026-03-02 12:13:24.836932-03	\N	15	68
913	f	2026-03-02 12:13:24.836938-03	\N	122	68
914	t	2026-03-02 12:13:24.836945-03	\N	7	68
915	t	2026-03-02 12:13:24.836951-03	\N	137	68
916	t	2026-03-02 12:13:24.836958-03	\N	7	69
917	f	2026-03-02 12:13:24.836965-03	\N	122	69
918	t	2026-03-02 12:13:24.836972-03	\N	15	69
919	t	2026-03-02 12:13:24.836978-03	\N	137	69
920	f	2026-03-02 12:13:24.836985-03	\N	205	70
921	f	2026-03-02 12:13:24.836992-03	\N	138	70
922	t	2026-03-02 12:13:24.836999-03	\N	203	70
923	t	2026-03-02 12:13:24.837005-03	\N	131	71
924	t	2026-03-02 12:13:24.837012-03	\N	97	71
925	t	2026-03-02 12:13:24.837018-03	\N	49	72
926	t	2026-03-02 12:13:24.837025-03	\N	161	72
927	t	2026-03-02 12:13:24.837031-03	\N	98	72
928	t	2026-03-02 12:13:24.837038-03	\N	135	73
929	t	2026-03-02 12:13:24.837045-03	\N	98	73
930	t	2026-03-02 12:13:24.837052-03	\N	220	73
931	f	2026-03-02 12:13:24.837058-03	\N	155	73
932	t	2026-03-02 12:13:24.837065-03	\N	115	74
933	t	2026-03-02 12:13:24.837072-03	\N	188	75
934	t	2026-03-02 12:13:24.837078-03	\N	7	76
935	t	2026-03-02 12:13:24.837084-03	\N	197	76
936	t	2026-03-02 12:13:24.837091-03	\N	75	77
937	f	2026-03-02 12:13:24.837097-03	\N	228	77
938	t	2026-03-02 12:13:24.837104-03	\N	137	77
939	t	2026-03-02 12:13:24.837111-03	\N	175	78
940	t	2026-03-02 12:13:24.837117-03	\N	38	78
941	t	2026-03-02 12:13:24.837124-03	\N	64	78
942	t	2026-03-02 12:13:24.83713-03	\N	174	79
943	f	2026-03-02 12:13:24.837137-03	\N	99	79
944	f	2026-03-02 12:13:24.837143-03	\N	243	80
945	t	2026-03-02 12:13:24.83715-03	\N	205	80
946	t	2026-03-02 12:13:24.837156-03	\N	12	80
947	f	2026-03-02 12:13:24.837163-03	\N	98	81
948	t	2026-03-02 12:13:24.837169-03	\N	4	81
949	t	2026-03-02 12:13:24.837176-03	\N	29	81
950	t	2026-03-02 12:13:24.837183-03	\N	1	81
951	t	2026-03-02 12:13:24.837191-03	\N	122	82
952	t	2026-03-02 12:13:24.837198-03	\N	98	82
953	t	2026-03-02 12:13:24.837204-03	\N	4	82
954	t	2026-03-02 12:13:24.837211-03	\N	44	82
955	t	2026-03-02 12:13:24.837218-03	\N	1	82
956	t	2026-03-02 12:13:24.837224-03	\N	93	83
957	t	2026-03-02 12:13:24.837231-03	\N	133	102
958	t	2026-03-02 12:13:24.837237-03	\N	44	102
959	t	2026-03-02 12:13:24.837244-03	\N	93	102
960	t	2026-03-02 12:13:24.837251-03	\N	220	102
961	f	2026-03-02 12:13:24.837258-03	\N	161	102
962	t	2026-03-02 12:13:24.837265-03	\N	227	102
963	t	2026-03-02 12:13:24.837272-03	\N	28	102
964	t	2026-03-02 12:13:24.837279-03	\N	57	86
965	t	2026-03-02 12:13:24.837285-03	\N	173	86
966	f	2026-03-02 12:13:24.837292-03	\N	6	86
967	t	2026-03-02 12:13:24.837299-03	\N	133	86
968	t	2026-03-02 12:13:24.837305-03	\N	220	86
969	t	2026-03-02 12:13:24.837312-03	\N	93	86
970	f	2026-03-02 12:13:24.837319-03	\N	227	86
971	t	2026-03-02 12:13:24.837326-03	\N	28	86
972	t	2026-03-02 12:13:24.837333-03	\N	12	86
973	t	2026-03-02 12:13:24.83734-03	\N	6	85
974	t	2026-03-02 12:13:24.837347-03	\N	44	85
975	t	2026-03-02 12:13:24.837353-03	\N	93	85
976	f	2026-03-02 12:13:24.83736-03	\N	133	85
977	t	2026-03-02 12:13:24.837367-03	\N	57	85
978	t	2026-03-02 12:13:24.837373-03	\N	173	85
979	t	2026-03-02 12:13:24.83738-03	\N	220	85
980	f	2026-03-02 12:13:24.837387-03	\N	26	85
981	t	2026-03-02 12:13:24.837394-03	\N	28	85
982	t	2026-03-02 12:13:24.8374-03	\N	12	85
983	t	2026-03-02 12:13:24.837407-03	\N	161	84
984	t	2026-03-02 12:13:24.837414-03	\N	133	84
985	f	2026-03-02 12:13:24.837421-03	\N	173	84
986	f	2026-03-02 12:13:24.837428-03	\N	44	84
987	t	2026-03-02 12:13:24.837434-03	\N	6	84
988	t	2026-03-02 12:13:24.83744-03	\N	57	84
989	t	2026-03-02 12:13:24.837446-03	\N	26	84
990	t	2026-03-02 12:13:24.837453-03	\N	12	84
991	t	2026-03-02 12:13:24.83746-03	\N	93	87
992	t	2026-03-02 12:13:24.837466-03	\N	44	87
993	f	2026-03-02 12:13:24.837472-03	\N	220	87
994	t	2026-03-02 12:13:24.837479-03	\N	57	87
995	t	2026-03-02 12:13:24.837485-03	\N	161	87
996	t	2026-03-02 12:13:24.837491-03	\N	133	87
997	t	2026-03-02 12:13:24.837497-03	\N	173	87
998	t	2026-03-02 12:13:24.837504-03	\N	6	87
999	t	2026-03-02 12:13:24.83751-03	\N	28	87
1000	t	2026-03-02 12:13:24.837516-03	\N	12	87
1001	t	2026-03-02 12:13:24.837522-03	\N	157	87
1002	t	2026-03-02 12:13:24.837529-03	\N	26	87
1003	f	2026-03-02 12:13:24.837536-03	\N	198	88
1004	t	2026-03-02 12:13:24.837682-03	\N	54	88
1005	t	2026-03-02 12:13:24.837689-03	\N	156	89
1006	f	2026-03-02 12:13:24.837695-03	\N	36	90
1007	t	2026-03-02 12:13:24.837702-03	\N	163	90
1008	t	2026-03-02 12:13:24.837708-03	\N	114	90
1009	t	2026-03-02 12:13:24.837715-03	\N	75	91
1010	t	2026-03-02 12:13:24.837721-03	\N	87	91
1011	t	2026-03-02 12:13:24.837727-03	\N	97	91
1012	t	2026-03-02 12:13:24.837734-03	\N	47	92
1013	t	2026-03-02 12:13:24.837741-03	\N	89	92
1014	t	2026-03-02 12:13:24.837748-03	\N	243	93
1015	t	2026-03-02 12:13:24.837754-03	\N	115	94
1016	t	2026-03-02 12:13:24.83776-03	\N	73	94
1017	f	2026-03-02 12:13:24.837767-03	\N	186	94
1018	f	2026-03-02 12:13:24.837816-03	\N	115	95
1019	t	2026-03-02 12:13:24.837835-03	\N	211	95
1020	t	2026-03-02 12:13:24.837843-03	\N	15	96
1021	t	2026-03-02 12:13:24.837849-03	\N	61	96
1022	t	2026-03-02 12:13:24.837857-03	\N	9	97
1023	t	2026-03-02 12:13:24.837864-03	\N	60	97
1024	t	2026-03-02 12:13:24.83787-03	\N	94	98
1025	t	2026-03-02 12:13:24.837877-03	\N	26	98
1026	t	2026-03-02 12:13:24.837883-03	\N	113	99
1027	t	2026-03-02 12:13:24.83789-03	\N	32	99
1028	t	2026-03-02 12:13:24.837896-03	\N	178	100
1029	t	2026-03-02 12:13:24.837902-03	\N	36	100
1030	t	2026-03-02 12:13:24.837908-03	\N	68	100
1031	f	2026-03-02 12:13:24.837915-03	\N	114	100
1032	t	2026-03-02 12:13:24.837922-03	\N	217	101
1033	t	2026-03-02 12:13:24.837928-03	\N	89	101
1034	t	2026-03-02 12:13:24.837935-03	\N	170	103
1035	f	2026-03-02 12:13:24.837942-03	\N	203	103
1036	f	2026-03-02 12:13:24.837948-03	\N	183	103
1037	t	2026-03-02 12:13:24.837955-03	\N	71	104
1038	t	2026-03-02 12:13:24.837961-03	\N	29	104
1039	f	2026-03-02 12:13:24.837967-03	\N	49	105
1040	t	2026-03-02 12:13:24.837973-03	\N	175	105
1041	t	2026-03-02 12:13:24.837979-03	\N	79	105
1042	t	2026-03-02 12:13:24.837985-03	\N	199	105
\.


--
-- Data for Name: app_asunto; Type: TABLE DATA; Schema: public; Owner: postgres
--

COPY public.app_asunto (id, nombre, tipo, descripcion, total_instancias, created_at, updated_at) FROM stdin;
15	Dia de Bosque Prodesal-conaf Valdivia	otro	Asunto importado desde CSV	1	2026-02-09 09:07:08.168444-03	2026-02-09 16:44:18.855017-03
5	Taller de Validación de Rubros Area Valdivia	taller	Asunto importado desde CSV	1	2026-02-09 09:07:08.128215-03	2026-02-09 09:12:02.663462-03
6	Taller de Validacion de Rubros Area Valdivia	taller	Asunto importado desde CSV	1	2026-02-09 09:07:08.13168-03	2026-02-09 09:12:02.665479-03
7	Taller Ocadis Kine-To	taller	Asunto importado desde CSV	2	2026-02-09 09:07:08.135178-03	2026-02-09 09:12:02.667383-03
8	Mercado Campesino Prodesal	otro	Asunto importado desde CSV	1	2026-02-09 09:07:08.143012-03	2026-02-09 09:12:02.66988-03
9	Programa Chile Alienta el Futuro	otro	Asunto importado desde CSV	1	2026-02-09 09:07:08.148972-03	2026-02-09 09:12:02.671711-03
4	Taller de fitoterapia Chancoyan	taller	Asunto importado desde CSV	2	2026-02-09 09:07:08.120643-03	2026-02-09 15:58:01.771754-03
3	Taller de cocina Lomas del sol	taller	Asunto importado desde CSV	2	2026-02-09 09:07:08.110278-03	2026-02-09 16:07:30.933384-03
13	Reunion Mesa de Coordinación de Avances P.A.S	reunion	Asunto importado desde CSV	1	2026-02-09 09:07:08.159247-03	2026-02-09 09:12:02.679922-03
40	reunion Articulacion PAS Mejoramiento Vivienda	reunion	Asunto importado desde CSV	1	2026-02-09 09:07:08.266941-03	2026-02-10 13:00:40.954634-03
26	Reunion Mesa Coordinacion	reunion	Asunto importado desde CSV	1	2026-02-09 09:07:08.206957-03	2026-02-10 15:45:40.497078-03
45	Charla Seguros Pecuarios	charla	Asunto importado desde CSV	1	2026-02-09 09:07:08.290446-03	2026-02-09 09:12:02.765103-03
18	Reunion Mejoramiento de Vivienda	reunion	Asunto importado desde CSV	1	2026-02-09 09:07:08.176611-03	2026-02-09 09:12:02.688736-03
19	Visita Predio Demostrativo Parcela Proteccion de Microcuenca	otro	Asunto importado desde CSV	1	2026-02-09 09:07:08.179442-03	2026-02-09 09:12:02.690337-03
20	Entrega materiales vivero Meliferas	entrega_semillas	Asunto importado desde CSV	1	2026-02-09 09:07:08.182179-03	2026-02-09 09:12:02.692091-03
21	Capacitacion en Produccion de Semillas propias para produccion organica 1	entrega_semillas	Asunto importado desde CSV	3	2026-02-09 09:07:08.185842-03	2026-02-10 13:01:32.325641-03
22	Reunion Mesa de Coordinacion  Creditos Avances Inversiones	reunion	Asunto importado desde CSV	2	2026-02-09 09:07:08.191285-03	2026-02-09 09:12:02.697706-03
23	Reproduccion de Lombrices	otro	Asunto importado desde CSV	1	2026-02-09 09:07:08.19502-03	2026-02-10 13:15:26.358543-03
24	CIC Mafil Analisis de sueldos	otro	Asunto importado desde CSV	1	2026-02-09 09:07:08.199365-03	2026-02-09 09:12:02.701697-03
25	Charlas Articulacion cob SAG Valdivia Enfermedades Cuarentenarias en papas	charla	Asunto importado desde CSV	1	2026-02-09 09:07:08.202677-03	2026-02-10 13:34:03.391795-03
16	Gira Visita Tecnica Buenas Practicas Agricolas	otro	Asunto importado desde CSV	1	2026-02-09 09:07:08.171454-03	2026-02-09 16:51:34.846796-03
29	Jornada de Autocuidado Dpto Desarrollo Economico	otro	Asunto importado desde CSV	1	2026-02-09 09:07:08.216355-03	2026-02-09 09:12:02.709421-03
39	Taller Marketing Digital	taller	Asunto importado desde CSV	3	2026-02-09 09:07:08.258724-03	2026-02-09 09:12:02.746203-03
51	Charla Programa SIRSD-S y otros para mejoramiento de suelos	charla	Asunto importado desde CSV	1	2026-02-09 09:07:08.314477-03	2026-02-09 09:12:02.775451-03
41	Audiencia Publica Servin por Subsidios de Vivienda	otro	Asunto importado desde CSV	1	2026-02-09 09:07:08.270005-03	2026-02-09 09:12:02.755624-03
42	Taller Uso de Coberturas Plasticas en Agricultura	taller	Asunto importado desde CSV	1	2026-02-09 09:07:08.27425-03	2026-02-09 09:12:02.757304-03
43	Entrega Concentrado Bovino y Ovino Zona sur	entrega_semillas	Asunto importado desde CSV	4	2026-02-09 09:07:08.276794-03	2026-02-09 09:12:02.759306-03
44	Taller Teorioco-Practico Poda manzanos Ancestrales	taller	Asunto importado desde CSV	1	2026-02-09 09:07:08.285027-03	2026-02-09 09:12:02.763663-03
27	Ceremonia Dia del Campesino Organizada por Representantes de la Mesa de Control social Prodesal	otro	Asunto importado desde CSV	1	2026-02-09 09:07:08.210957-03	2026-02-10 16:03:47.386384-03
46	Trafkintu	otro	Asunto importado desde CSV	1	2026-02-09 09:07:08.295987-03	2026-02-09 09:12:02.767066-03
48	Taller de Produccion de Hongo Ostra	taller	Asunto importado desde CSV	1	2026-02-09 09:07:08.303075-03	2026-02-09 09:12:02.770093-03
49	Reuniono Coordinacion	reunion	Asunto importado desde CSV	1	2026-02-09 09:07:08.306133-03	2026-02-09 09:12:02.771275-03
50	Taller ocadis agricultura CasaBlanca	taller	Asunto importado desde CSV	2	2026-02-09 09:07:08.309073-03	2026-02-09 09:12:02.772693-03
28	Dia del Campesino Malalhe	otro	Asunto importado desde CSV	1	2026-02-09 09:07:08.213676-03	2026-02-10 15:33:25.28175-03
30	Ceremonia de Entrega IEP	entrega_semillas	Asunto importado desde CSV	1	2026-02-09 09:07:08.219154-03	2026-02-10 15:41:56.004476-03
53	Taller Nucleos Nativos	taller	Asunto importado desde CSV	1	2026-02-09 09:07:08.319957-03	2026-02-09 09:12:02.778043-03
56	Reunion de Coordinacion	reunion	Asunto importado desde CSV	1	2026-02-09 09:07:08.332112-03	2026-02-09 09:12:02.782694-03
58	Programa Apoyo al Mejoramiento de la Fertilidad en  Sistemas Agropecuarios	otro	Asunto importado desde CSV	1	2026-02-09 09:07:08.337067-03	2026-02-09 09:12:02.785151-03
60	Dia de Campo "Variadedas de Porotos para el sur"	otro	Asunto importado desde CSV	1	2026-02-09 09:07:08.343777-03	2026-02-09 09:12:02.787787-03
2	Taller Produccion de flora mielifera	taller	Asunto importado desde CSV	1	2026-02-09 09:07:08.100959-03	2026-02-09 15:12:13.112504-03
17	gira Visita Huerto Moogeo Buenas Practicas Agricolas	otro	Asunto importado desde CSV	1	2026-02-09 09:07:08.173628-03	2026-02-10 12:43:40.316323-03
10	Taller Maneji Sanitario Quinta de Manzano	taller	Asunto importado desde CSV	1	2026-02-09 09:07:08.151372-03	2026-02-09 15:28:59.425002-03
11	Reunion Feria chacoyan Proyecto Fovra	reunion	Asunto importado desde CSV	1	2026-02-09 09:07:08.153321-03	2026-02-09 15:33:45.587503-03
14	Entrega Set de Semillas Hortalizas	entrega_semillas	Asunto importado desde CSV	1	2026-02-09 09:07:08.163841-03	2026-02-09 15:48:07.525784-03
52	Charla Control Vesputa Germanica	charla	Asunto importado desde CSV	1	2026-02-09 09:07:08.317386-03	2026-02-09 09:12:02.776831-03
54	Capacitacion Progr. Nucleos Natvos	charla	Asunto importado desde CSV	1	2026-02-09 09:07:08.325657-03	2026-02-09 09:12:02.779322-03
55	Capacitacion Plan de Negocios	charla	Asunto importado desde CSV	1	2026-02-09 09:07:08.32857-03	2026-02-09 09:12:02.780939-03
57	Charla Infomariva Tenencia Responsable de Mascotas y Seguridad	charla	Asunto importado desde CSV	1	2026-02-09 09:07:08.334708-03	2026-02-09 09:12:02.783972-03
59	Charla Sanidad Aviar	charla	Asunto importado desde CSV	1	2026-02-09 09:07:08.339841-03	2026-02-09 09:12:02.78631-03
75	Coordinacion Apoyo Voluntario sector quitaqi	otro	Asunto importado desde CSV	1	2026-02-09 09:07:08.411157-03	2026-02-09 09:12:02.811272-03
31	Reunion Represenantes Conmemoracion dia del campesino	reunion	Asunto importado desde CSV	1	2026-02-09 09:07:08.222914-03	2026-02-09 09:12:02.727833-03
32	Taller Poda Quilas Mi augenes Antigups	taller	Asunto importado desde CSV	1	2026-02-09 09:07:08.227587-03	2026-02-09 09:12:02.729848-03
33	Mi Pime Rural	otro	Asunto importado desde CSV	8	2026-02-09 09:07:08.231617-03	2026-02-09 09:12:02.731945-03
34	Poda Manzanas patrimoniales	otro	Asunto importado desde CSV	1	2026-02-09 09:07:08.243348-03	2026-02-09 09:12:02.737986-03
76	Grupo turismo Comunitario	otro	Asunto importado desde CSV	1	2026-02-09 09:07:08.415263-03	2026-02-09 09:12:02.812362-03
77	Coordinacion con bibliorede	otro	Asunto importado desde CSV	1	2026-02-09 09:07:08.419394-03	2026-02-09 09:12:02.813379-03
81	Reunion oficina de discapacidad muni	reunion	Asunto importado desde CSV	1	2026-02-09 09:11:43.378381-03	2026-02-09 09:12:02.814578-03
78	Coordinacion con Oficina Comunal de Atencion a al Discapacidad	otro	Asunto importado desde CSV	1	2026-02-09 09:07:08.422641-03	2026-02-09 09:12:02.815793-03
1	Reunion subsidio de construccion de vivienda	reunion	Asunto importado desde CSV	1	2026-02-09 09:07:08.064099-03	2026-02-09 09:57:48.036485-03
12	Taller Teorioco-Practico Elaboracion de Alimentos Encurtidos	taller	Asunto importado desde CSV	2	2026-02-09 09:07:08.155766-03	2026-02-09 15:52:52.591264-03
70	Charla Infomativa Of Comunal de Atencio a la Discapacidad	charla	Asunto importado desde CSV	1	2026-02-09 09:07:08.393299-03	2026-02-09 09:12:02.802515-03
35	Viveros	otro	Asunto importado desde CSV	1	2026-02-09 09:07:08.245976-03	2026-02-09 09:12:02.739647-03
36	Mesa de Coordinacion	otro	Asunto importado desde CSV	1	2026-02-09 09:07:08.249906-03	2026-02-09 09:12:02.741128-03
37	Reunion Coordinacion	reunion	Asunto importado desde CSV	1	2026-02-09 09:07:08.253809-03	2026-02-09 09:12:02.7426-03
38	Reunion Postulacion a Subcidios de Vivienda Rural	reunion	Asunto importado desde CSV	1	2026-02-09 09:07:08.256641-03	2026-02-09 09:12:02.744036-03
47	Charla Produccion y conservacion de Semillas Organicas Grupo Procam	entrega_semillas	Asunto importado desde CSV	1	2026-02-09 09:07:08.299221-03	2026-02-09 09:12:02.768766-03
61	Reunion Control Social Valicacion de Trabajo	reunion	Asunto importado desde CSV	1	2026-02-09 09:07:08.3491-03	2026-02-09 09:12:02.788987-03
62	Reunion Inicio de Temporada Arique Pishuinco	reunion	Asunto importado desde CSV	2	2026-02-09 09:07:08.355264-03	2026-02-09 09:12:02.790329-03
63	Reunion inicio de Temporada Los guindos	reunion	Asunto importado desde CSV	1	2026-02-09 09:07:08.362194-03	2026-02-09 09:12:02.792039-03
64	Reunion inicio de Temporada	reunion	Asunto importado desde CSV	7	2026-02-09 09:07:08.365851-03	2026-02-09 09:12:02.793161-03
65	Reunion inicio de Temporada Los Pellines	reunion	Asunto importado desde CSV	1	2026-02-09 09:07:08.374283-03	2026-02-09 09:12:02.796788-03
66	Cosecha Vt Casa Blanca Quinua	otro	Asunto importado desde CSV	1	2026-02-09 09:07:08.377914-03	2026-02-09 09:12:02.797871-03
67	Reunion inicio de Temporada Punucapa	reunion	Asunto importado desde CSV	1	2026-02-09 09:07:08.382851-03	2026-02-09 09:12:02.798867-03
68	Reunion inicio de Temporada El Tambillo	reunion	Asunto importado desde CSV	1	2026-02-09 09:07:08.386567-03	2026-02-09 09:12:02.799919-03
69	Reunion inicio de Temporada sector quitaqui	reunion	Asunto importado desde CSV	1	2026-02-09 09:07:08.389148-03	2026-02-09 09:12:02.801233-03
71	Articulacion Pas Ocadis	otro	Asunto importado desde CSV	1	2026-02-09 09:07:08.39572-03	2026-02-09 09:12:02.80365-03
72	Mercado prodesal	otro	Asunto importado desde CSV	1	2026-02-09 09:07:08.399265-03	2026-02-09 09:12:02.804704-03
73	Reunion Grupo Organico	reunion	Asunto importado desde CSV	1	2026-02-09 09:07:08.401683-03	2026-02-09 09:12:02.805792-03
79	Reunion inicio de Temporada Caman Cufeo	reunion	Asunto importado desde CSV	1	2026-02-09 09:11:43.356088-03	2026-02-09 09:12:02.807339-03
74	Articulacion Conaf	otro	Asunto importado desde CSV	1	2026-02-09 09:07:08.405143-03	2026-02-09 09:12:02.808828-03
80	Expo Mundo Rural	otro	Asunto importado desde CSV	1	2026-02-09 09:11:43.370477-03	2026-02-09 09:12:02.810102-03
\.


--
-- Data for Name: app_asunto_asistentes; Type: TABLE DATA; Schema: public; Owner: postgres
--

COPY public.app_asunto_asistentes (id, asunto_id, clientes_id) FROM stdin;
1	1	19
2	1	93
3	1	103
4	2	93
5	2	10
6	2	11
7	10	161
8	10	230
9	10	71
10	10	70
11	10	198
12	10	175
13	10	124
14	10	243
15	10	151
16	10	155
17	10	220
18	10	94
19	11	215
20	11	34
21	11	94
22	11	103
23	14	130
24	14	6
25	14	9
26	14	140
27	14	148
28	14	149
29	14	151
30	14	157
31	14	34
32	14	40
33	14	173
34	14	48
35	14	60
36	14	192
37	14	194
38	14	196
39	14	197
40	14	198
41	14	202
42	14	78
43	14	209
44	14	212
45	14	93
46	14	104
47	14	105
48	14	112
49	14	241
50	14	243
51	14	116
52	14	117
53	14	120
54	14	126
55	12	96
56	12	70
57	12	7
58	12	234
59	12	44
60	12	45
61	12	238
62	12	79
63	12	86
64	12	55
65	12	58
66	4	194
67	4	68
68	4	200
69	4	172
70	4	146
71	4	53
72	4	93
73	3	38
74	3	43
75	3	111
76	3	180
77	3	23
78	3	220
79	27	35
80	27	70
81	27	42
82	27	13
83	27	46
84	27	94
85	15	70
86	15	73
87	15	138
88	15	13
89	15	149
90	15	86
91	15	182
92	15	55
93	15	154
94	15	155
95	15	62
96	16	70
97	16	201
98	16	50
99	16	212
100	16	117
101	16	54
102	16	216
103	16	56
104	17	35
105	17	164
106	17	168
107	17	75
108	17	18
109	17	19
110	17	178
111	17	21
112	17	85
113	17	147
114	17	51
115	21	196
116	21	198
117	21	200
118	21	107
119	21	13
120	21	46
121	21	238
122	21	243
123	21	148
124	21	218
125	21	94
126	23	168
127	23	75
128	23	18
129	23	178
130	23	85
131	23	21
132	23	156
133	21	51
134	21	63
135	40	36
136	40	37
137	40	103
138	40	75
139	40	146
140	40	51
141	40	20
142	40	87
143	40	215
144	40	91
145	40	159
146	23	3
147	25	86
148	28	93
149	28	194
150	28	196
151	28	70
152	28	13
153	28	94
154	30	2
155	30	228
156	30	37
157	30	9
158	30	234
159	30	105
160	30	108
161	30	205
162	30	13
163	30	175
164	30	42
165	30	50
166	30	86
167	30	24
168	30	216
169	30	62
170	30	31
171	26	194
172	26	196
173	26	70
174	26	42
175	26	138
176	26	13
177	26	46
178	26	18
179	26	51
180	26	148
181	26	243
182	26	94
183	27	161
184	27	164
185	27	228
186	27	90
187	27	136
188	27	218
189	27	234
190	27	77
191	27	243
192	27	21
193	27	85
194	27	184
195	27	58
196	27	156
197	27	189
198	27	223
199	27	3
200	27	9
201	27	14
202	27	16
203	27	147
204	27	148
205	27	23
206	27	163
207	27	166
208	27	45
209	27	175
210	27	48
211	27	178
212	27	50
213	27	51
214	27	53
215	27	56
216	27	185
217	27	186
218	27	59
219	27	196
220	27	68
221	27	198
222	27	200
223	27	79
224	27	208
225	27	209
226	27	215
227	27	91
228	27	93
229	27	96
230	27	224
231	27	230
232	27	103
233	27	105
234	27	235
235	27	108
236	27	110
237	27	111
238	27	238
239	27	116
240	27	123
241	27	66
242	27	188
243	26	105
244	26	75
245	26	189
246	30	173
247	30	174
248	30	230
249	28	188
250	28	60
251	25	178
252	25	228
253	25	126
254	23	49
255	23	29
256	21	225
257	21	66
258	21	4
259	21	6
260	21	45
261	21	19
262	21	52
263	21	157
264	40	183
265	40	27
266	40	196
267	40	135
268	17	169
269	17	199
270	16	136
271	16	36
272	16	103
273	15	211
274	15	44
275	3	1
276	3	226
277	3	70
278	3	135
279	3	170
280	3	142
281	3	79
282	3	47
283	3	186
284	4	126
285	4	196
286	4	166
287	4	103
288	4	6
289	4	235
290	4	44
291	4	108
292	4	111
293	4	48
294	4	178
295	4	115
296	4	243
297	4	149
298	4	215
299	4	154
300	4	94
301	12	160
302	12	73
303	12	165
304	14	176
305	14	138
306	14	228
307	14	158
308	11	169
309	11	126
310	11	14
311	10	6
312	10	127
313	2	100
314	2	4
315	2	38
316	2	133
317	2	71
318	2	73
319	2	200
320	2	232
321	2	111
322	2	146
323	2	148
324	2	59
325	2	62
326	1	97
327	1	131
328	1	163
329	1	36
330	1	100
331	1	7
332	1	44
333	1	211
334	1	116
335	1	182
336	1	220
337	1	189
338	1	159
339	78	89
340	78	84
341	78	217
342	81	49
343	81	79
344	81	175
345	81	199
346	77	178
347	77	36
348	77	114
349	77	68
350	76	32
351	76	89
352	76	113
353	75	26
354	75	94
355	80	146
356	80	29
357	80	71
358	74	9
359	74	36
360	74	60
361	74	230
362	79	170
363	79	203
364	79	183
365	73	61
366	73	15
367	72	115
368	72	149
369	72	211
370	72	231
371	71	73
372	71	186
373	71	115
374	71	188
375	70	81
376	70	186
377	70	243
378	69	89
379	69	115
380	69	116
381	69	47
382	68	97
383	68	75
384	68	87
385	67	114
386	67	163
387	67	36
388	66	105
389	66	156
390	66	127
391	65	136
392	65	54
393	65	19
394	65	198
395	64	161
396	64	227
397	64	133
398	64	6
399	64	12
400	64	44
401	64	173
402	64	28
403	64	93
404	64	57
405	64	26
406	64	220
407	64	157
408	63	217
409	63	93
410	62	1
411	62	98
412	62	4
413	62	44
414	62	205
415	62	79
416	62	122
417	62	29
418	61	243
419	61	12
420	61	205
421	60	99
422	60	174
423	59	64
424	59	38
425	59	175
426	58	137
427	58	75
428	58	228
429	57	41
430	57	197
431	57	7
432	56	19
433	56	188
434	55	115
435	55	36
436	55	135
437	54	98
438	54	155
439	54	220
440	54	135
441	53	49
442	53	98
443	53	161
444	53	220
445	52	97
446	52	131
447	51	138
448	51	203
449	51	205
450	51	46
451	50	7
452	50	137
453	50	15
454	50	81
455	50	122
456	49	176
457	49	44
458	49	182
459	48	48
460	48	36
461	48	136
462	48	158
463	47	48
464	47	122
465	47	29
466	47	38
467	46	81
468	46	108
469	46	215
470	45	200
471	45	75
472	45	111
473	44	49
474	44	169
475	43	100
476	43	165
477	43	103
478	43	175
479	43	21
480	43	182
481	43	59
482	43	156
483	43	191
484	42	1
485	42	186
486	42	227
487	42	6
488	41	188
489	41	231
490	39	161
491	39	66
492	39	4
493	39	233
494	39	176
495	39	215
496	39	185
497	39	189
498	38	113
499	38	231
500	37	66
501	37	138
502	37	45
503	37	146
504	36	178
505	36	79
506	35	104
507	35	9
508	35	103
509	34	232
510	34	81
511	34	170
512	34	21
513	33	3
514	33	133
515	33	139
516	33	15
517	33	26
518	33	161
519	33	163
520	33	36
521	33	169
522	33	43
523	33	173
524	33	47
525	33	57
526	33	186
527	33	188
528	33	68
529	33	71
530	33	216
531	33	225
532	33	231
533	33	232
534	33	233
535	33	113
536	33	126
537	32	103
538	32	71
539	32	94
540	32	231
541	31	208
542	31	232
543	31	165
544	29	200
545	29	27
546	29	226
547	29	43
548	24	194
549	24	227
550	24	93
551	22	68
552	22	165
553	22	47
554	22	21
555	22	217
556	22	57
557	20	49
558	20	189
559	19	113
560	19	126
561	19	99
562	19	198
563	18	114
564	18	182
565	18	199
566	13	226
567	13	127
568	9	66
569	9	70
570	8	96
571	8	194
572	8	98
573	8	196
574	8	68
575	8	198
576	8	108
577	8	45
578	8	173
579	8	175
580	8	149
581	8	54
582	8	217
583	8	91
584	8	60
585	8	29
586	8	94
587	7	131
588	7	6
589	7	71
590	7	169
591	7	48
592	7	113
593	6	196
594	6	41
595	6	138
596	6	139
597	6	12
598	6	235
599	6	59
600	5	208
601	5	148
602	5	197
603	5	15
\.


--
-- Data for Name: app_cargafamiliar; Type: TABLE DATA; Schema: public; Owner: postgres
--

COPY public.app_cargafamiliar (id, parentesco, nombre, edad, rut, ocupacion, escolaridad, created_at, hogar_id) FROM stdin;
1	hijo	ROBERTO MOLL CADAGAN	29	\N	LEÑA	media_completa	2026-02-23 11:59:33.206248-03	3
2	otros	ROBERTO MOLL NAHUELPAN	56	10.248.225-5	LEÑA	basica_incompleta	2026-02-23 11:59:33.211609-03	3
3	otros	CAMILO AGUAYO	9	\N	ESTUDIANTE	\N	2026-02-23 11:59:33.239006-03	4
4	hijo	ANASTASIA MONTOYA	15	\N	\N	\N	2026-02-23 11:59:33.262453-03	5
5	hijo	JOAQUÍN MONTOYA	11	\N	\N	\N	2026-02-23 11:59:33.265248-03	5
6	hijo	IGNACIA OVALLE	\N	\N	\N	\N	2026-02-23 11:59:33.26819-03	5
7	otros	BARBARA CARCAMO	21	\N	ESTUDIANTE	\N	2026-02-23 11:59:33.306175-03	6
8	hijo	CECILIA NOCHES	31	\N	\N	\N	2026-02-23 11:59:33.379606-03	7
9	hijo	VALENTINA SANHUEZA	16	22.219.701-5	ESTUDIANTE	\N	2026-02-23 11:59:33.529238-03	11
10	otros	IVAN IGNACIO DIAZ ASTETE	9	\N	ESTUDIANTE	\N	2026-02-23 11:59:33.629747-03	12
11	otros	ABRAHAM PEREZ	9	\N	ESTUDIANTE	\N	2026-02-23 11:59:33.733293-03	13
12	otros	DAMARIS PEREZ	13	\N	ESTUDIANTE	\N	2026-02-23 11:59:33.737849-03	13
13	hijo	PABLO NUÑEZ SALDAÑA	27	\N	TRABAJADOR	\N	2026-02-23 11:59:33.76824-03	14
14	hijo	JULIAN ARIAS	12	23.250.681-4	ESTUDIANTE	\N	2026-02-23 11:59:33.893798-03	18
15	otros	EVA LUCIA CÁRDENAS	4	\N	JARDIN INFANTIL	\N	2026-02-23 11:59:33.94629-03	19
16	hijo	MARIO SALINAS	15	\N	ESTUDIANTE	\N	2026-02-23 11:59:34.095334-03	23
17	hijo	ISAMAR SALINAS	1	\N	\N	\N	2026-02-23 11:59:34.108793-03	23
18	hijo	AUGUSTO CATALÁN	38	\N	\N	basica_incompleta	2026-02-23 11:59:34.188-03	24
19	hijo	SERGIO QUIL	18	\N	ESTUDIANTE	\N	2026-02-23 11:59:34.308269-03	26
20	hijo	ANGÉLICA CARRILLO	20	\N	TRABAJA Y ESTUDIA	\N	2026-02-23 11:59:34.358514-03	27
21	otros	VICTOR PACHECO	63	\N	TRABAJA INDEPENDIENTE	\N	2026-02-23 11:59:34.408489-03	28
22	otros	GUILLERMO PARDO	58	\N	AGRICULTOR	basica_completa	2026-02-23 11:59:34.481695-03	29
23	otros	CATALINA ARAVENA	16	\N	ESTUDIANTE	\N	2026-02-23 11:59:34.562791-03	30
24	hijo	DANIEL LOVERA	28	\N	VENDEDOR	media_completa	2026-02-23 11:59:34.636367-03	31
25	otros	TIARE MUÑOZ	22	\N	VENDEDORA	media_completa	2026-02-23 11:59:34.650327-03	31
26	hijo	JOSUE LOVERA	22	\N	TRABAJA Y ESTUDIA	\N	2026-02-23 11:59:34.658377-03	31
27	hijo	MARCOS ASTETE	35	\N	CAMPO	media_completa	2026-02-23 11:59:34.847588-03	33
28	hijo	RONINSON ASTETE	25	\N	DISCAPACITADO	\N	2026-02-23 11:59:34.853954-03	33
29	hijo	HECTOR GALLARDO	30	18.283.627-3	TRABAJA Y ESTUDIA	\N	2026-02-23 11:59:34.92911-03	34
30	hijo	NOELIA GALLARDO	16	\N	ESTUDIANTE	\N	2026-02-23 11:59:34.936311-03	34
31	hijo	ESCARLET GALLARDO	16	\N	ESTUDIANTE	\N	2026-02-23 11:59:34.945729-03	34
32	hijo	DANIEL FLANDEZ	20	\N	ESTUDIANTE	\N	2026-02-23 11:59:35.339044-03	41
33	hijo	SAMUEL FLANDEZ	16	\N	ESTUDIANTE	\N	2026-02-23 11:59:35.348339-03	41
34	hijo	RICHARD KUHL	44	\N	TRABAJA	\N	2026-02-23 11:59:35.487251-03	44
35	hijo	HECTOR KUHL	45	\N	TRABAJA	\N	2026-02-23 11:59:35.492155-03	44
36	otros	KATHERINE COFRÉ	20	\N	DUEÑA DE CASA	\N	2026-02-23 11:59:35.497285-03	44
37	otros	MATEO KUHL	3	\N	JARDIN INFANTIL	\N	2026-02-23 11:59:35.50268-03	44
38	otros	INÉS MILLÁN	55	\N	TRABAJA	\N	2026-02-23 11:59:35.507821-03	44
39	hijo	LUIS VERGARA	36	\N	\N	\N	2026-02-23 11:59:35.696168-03	49
40	hijo	BÁRBARA NAVARRO	27	\N	\N	\N	2026-02-23 11:59:35.701393-03	49
41	otros	PEDRO NAVARRO	58	\N	\N	\N	2026-02-23 11:59:35.706482-03	49
42	otros	NAYARETH MENA	9	\N	\N	\N	2026-02-23 11:59:35.710987-03	49
43	otros	MARTÍN MENA	8	\N	\N	\N	2026-02-23 11:59:35.716105-03	49
44	otros	SOFÍA CESPEDES	6	\N	\N	\N	2026-02-23 11:59:35.721741-03	49
45	otros	RAFAEL MENA	32	\N	\N	\N	2026-02-23 11:59:35.727745-03	49
46	hijo	JOSÉ DOMINGO NAHUEL	54	10.829.364-0	CUIDADOR	media_completa	2026-02-23 11:59:35.772145-03	50
47	hijo	ESTEFANIA AEDO ABURTO	25	\N	A. SOCIAL	\N	2026-02-23 11:59:35.851697-03	52
48	otros	FERNANDO URRUTIA GARCES	25	\N	ESTUDIA Y TRABAJA	\N	2026-02-23 11:59:35.85701-03	52
49	hijo	CARLA MANSS	18	21.538.358-K	SIN ACTIVIDAD	basica_completa	2026-02-23 11:59:35.901904-03	53
50	hijo	MARCELO GARRIDO	24	\N	ESTUDIO 2023	\N	2026-02-23 11:59:35.90865-03	53
51	hijo	DANIELA GARRIDO	22	\N	DESOCUPADA	\N	2026-02-23 11:59:35.913378-03	53
52	hijo	SANDRA SILVA MARTEL	43	\N	INDEPENDIENTE	\N	2026-02-23 11:59:35.953759-03	54
53	otros	CONSTANZA CAMPOS	15	\N	ESTUDIANTE	\N	2026-02-23 11:59:35.959242-03	54
54	otros	JOSE CAMPOS	47	\N	INDEPENDIENTE	\N	2026-02-23 11:59:35.964159-03	54
55	hijo	CRISHNA V.	\N	21.452.263-2	ESTUDIANTE	\N	2026-02-23 11:59:36.324063-03	63
56	hijo	GERARD V.	\N	24.043.481-4	ESTUDIANTE	\N	2026-02-23 11:59:36.330375-03	63
57	hijo	HUGO ESTEBAN	46	\N	JARDINERÍA	\N	2026-02-23 11:59:36.629218-03	70
58	hijo	MATEO ANGUITA	14	\N	ESTUDIANTE	\N	2026-02-23 11:59:36.715587-03	72
59	hijo	EVELYN V.	12	\N	ESTUDIANTE	\N	2026-02-23 11:59:36.723524-03	72
60	hijo	KAREN V.	18	\N	ESTUDIANTE	\N	2026-02-23 11:59:36.729051-03	72
61	hijo	DANIELA SALINAS	30	\N	DUEÑA DE CASA	\N	2026-02-23 11:59:36.815813-03	74
62	otros	MARTÍN URIBE	10	\N	ESTUDIA	\N	2026-02-23 11:59:36.821777-03	74
63	otros	ANTONELLA URIBE	2	\N	\N	\N	2026-02-23 11:59:36.8271-03	74
64	otros	ANGELO URIBE	33	\N	CONSTRUCCIÓN	\N	2026-02-23 11:59:36.831972-03	74
65	otros	LUZ MARINA ARCOS JARAMILLO	\N	\N	PENSIÓN ASISTENCIAL	\N	2026-02-23 11:59:37.025951-03	78
66	otros	LUCAS SÁNCHEZ	3	\N	\N	\N	2026-02-23 11:59:37.034153-03	78
67	otros	ROSA INALAO I.	38	\N	\N	\N	2026-02-23 11:59:37.039883-03	78
68	hijo	AYLEN	6	\N	ESTUDIANTE	\N	2026-02-23 11:59:37.124187-03	80
69	hijo	ANTU	5	\N	ESTUDIANTE	\N	2026-02-23 11:59:37.129614-03	80
70	otros	SERGIO	47	\N	CARPINTERO	\N	2026-02-23 11:59:37.135512-03	80
71	otros	SOFÍA MILLER	\N	\N	\N	\N	2026-02-23 11:59:37.404275-03	87
72	hijo	ANTONELLA PEÑA	17	\N	ESTUDIA	\N	2026-02-23 11:59:37.444154-03	88
73	hijo	PAULETTE PEÑA	\N	\N	ESTUDIANTE	\N	2026-02-23 11:59:37.485771-03	89
74	hijo	YOSSELYN PEÑA	25	\N	DUEÑA DE CASA	\N	2026-02-23 11:59:37.561983-03	91
75	hijo	ERWIN PEÑA	19	\N	ESTUDIA INACAP	\N	2026-02-23 11:59:37.566817-03	91
76	otros	JOAQUIN FLÁNDEZ	3	\N	\N	\N	2026-02-23 11:59:37.571753-03	91
77	madre	INÉS ELVIRA VILLANUEVA	\N	\N	\N	\N	2026-02-23 11:59:37.648011-03	93
78	otros	SOLEDAD HERNÁN ALARCÓN	\N	17.585.676-5	\N	\N	2026-02-23 11:59:37.652601-03	93
79	hijo	JOAQUÍN VILLANUEVA	\N	25.580.891-5	ESTUDIANTE	\N	2026-02-23 11:59:37.657952-03	93
80	otros	VÍCTOR AROS	79	\N	\N	\N	2026-02-23 11:59:37.701694-03	94
81	hijo	RICHARD FLANDEZ	\N	15.758.761-7	\N	\N	2026-02-23 11:59:37.743439-03	95
82	otros	ARTURO CONTRERAS	\N	\N	\N	\N	2026-02-23 11:59:37.748576-03	95
83	otros	CRISTIAN SAEZ	45	\N	SOLDADOR	\N	2026-02-23 11:59:37.830819-03	97
84	hijo	XIMENA CHÁVEZ	30	\N	\N	\N	2026-02-23 11:59:37.908326-03	99
85	hijo	NICOLÁS CHÁVEZ	22	\N	DESOCUPADO	\N	2026-02-23 11:59:37.913268-03	99
86	otros	GIOVANI CUVELLI	30	\N	TRABAJA	\N	2026-02-23 11:59:37.986544-03	101
87	otros	CARLOS DOMINGUEZ	66	\N	PENSIONADO	\N	2026-02-23 11:59:37.991367-03	101
88	hijo	VICTORIA FIGUEROA	\N	\N	ESTUDIA	\N	2026-02-23 11:59:38.100671-03	104
89	hijo	CRISTOBAL FIGUEROA	\N	\N	ESTUDIA	\N	2026-02-23 11:59:38.105702-03	104
90	hijo	FRANCISCO CISTERNAS	32	\N	PENSIÓN INVALIDEZ	media_incompleta	2026-02-23 11:59:38.339347-03	110
91	hijo	ADAN ESTEBAN	\N	\N	PREDIALES	\N	2026-02-23 11:59:38.374393-03	111
92	otros	ANA ASCENCIO OJEDA	84	\N	BÁSICA COMPLETA	\N	2026-02-23 11:59:38.611468-03	117
93	hijo	CRISTIAN ANDRES OLIVA VALDEVENITO	\N	20.990.965-0	DEBE TERMINAR ENSEÑANZA MEDIA	\N	2026-02-23 11:59:38.861762-03	124
94	otros	BENJAMÍN BRUCE	\N	\N	\N	\N	2026-02-23 11:59:38.937596-03	126
95	otros	MARTA ALICIA PAILLALEF ÑANCO	64	9.084.569-1	DUEÑA DE CASA	\N	2026-02-23 11:59:39.055425-03	129
96	otros	IDA DEL CARMEN MUÑOZ PINEDA	62	\N	DUEÑA DE CASA	\N	2026-02-23 11:59:39.061053-03	129
\.


--
-- Data for Name: app_clientes; Type: TABLE DATA; Schema: public; Owner: postgres
--

COPY public.app_clientes (id, rut, apellidos, nombres, sector, fecha_postulacion, es_beneficiario, extens, edad, escolaridad, estado_civil, fecha_nacimiento, ingresos, numero_documento, ocupacion, telefono, tipo_tenencia, updated_at, vivienda_saneada) FROM stdin;
1	17.000.000-0	PEREZ	JUAN	QUITAQUI	2026-02-05	t	\N	\N	\N	\N	\N	\N	\N	\N	\N	\N	2026-02-23 11:59:26.361339-03	\N
5	7.326.968-7	MIRTA GLADYS	AGÜERO AROS	PUNUCAPA	2026-02-06	f	\N	\N	\N	\N	\N	\N	\N	\N	\N	\N	2026-02-23 11:59:26.361339-03	\N
6	14.538.290-4	BLANCA IRENE	AGUILAR GONZÁLEZ	CHANCOYAN	2026-02-06	f	\N	\N	\N	\N	\N	\N	\N	\N	\N	\N	2026-02-23 11:59:26.361339-03	\N
10	10.985.520-0	KERLLA NEDY	ALEUY VILLAR	CATRIPULLI	2026-02-06	f	\N	\N	\N	\N	\N	\N	\N	\N	\N	\N	2026-02-23 11:59:26.361339-03	\N
11	18.775.830-0	ZEHIA JASMÍN	ALEUY VILLAR	CATRIPULLI	2026-02-06	f	\N	\N	\N	\N	\N	\N	\N	\N	\N	\N	2026-02-23 11:59:26.361339-03	\N
14	12.747.030-8	NURY LILIAN	ANCAO PAILLALEF	CURIÑANCO	2026-02-06	f	\N	\N	\N	\N	\N	\N	\N	\N	\N	\N	2026-02-23 11:59:26.361339-03	\N
15	9.154.368-0	MARCELA DEL CARMEN	ANDRADE LÓPEZ	PUNUCAPA	2026-02-06	f	\N	\N	\N	\N	\N	\N	\N	\N	\N	\N	2026-02-23 11:59:26.361339-03	\N
19	9.221.604-7	MARGARITA DEL CARMEN	AQUEVEQUE MILLAHUAL	LOS PELLINES	2026-02-06	f	\N	\N	\N	\N	\N	\N	\N	\N	\N	\N	2026-02-23 11:59:26.361339-03	\N
21	6.964.054-0	ROSA ALICIA	AQUEVEQUE TORRES	LOS PELLINES	2026-02-06	f	\N	\N	\N	\N	\N	\N	\N	\N	\N	\N	2026-02-23 11:59:26.361339-03	\N
22	9.532.402-9	MARLENE	ARAVENA GONZÁLEZ	SAN IGNACIO	2026-02-06	f	\N	\N	\N	\N	\N	\N	\N	\N	\N	\N	2026-02-23 11:59:26.361339-03	\N
25	15.759.303-K	DENISSE PAULINA	ARIAS LILLO	LOS GUINDOS	2026-02-06	f	\N	\N	\N	\N	\N	\N	\N	\N	\N	\N	2026-02-23 11:59:26.361339-03	\N
26	12.031.552-8	PATRICIO FERNANDO	AROS AROS	PUNUCAPA	2026-02-06	f	\N	\N	\N	\N	\N	\N	\N	\N	\N	\N	2026-02-23 11:59:26.361339-03	\N
27	10.171.049-1	ORLANDO ENRIQUE	AROS AROS	PUNUCAPA	2026-02-06	f	\N	\N	\N	\N	\N	\N	\N	\N	\N	\N	2026-02-23 11:59:26.361339-03	\N
28	6.035.437-5	MARÍA INÉS	AROS SAAVEDRA	PUNUCAPA	2026-02-06	f	\N	\N	\N	\N	\N	\N	\N	\N	\N	\N	2026-02-23 11:59:26.361339-03	\N
29	13.609.225-1	DIGNA RUTH	ASENCIO MARTIN	CASABLANCA	2026-02-06	f	\N	\N	\N	\N	\N	\N	\N	\N	\N	\N	2026-02-23 11:59:26.361339-03	\N
31	12.106.459-6	SANDRA XIMENA	ÁVILA GARAY	LOS PELLINES	2026-02-06	f	\N	\N	\N	\N	\N	\N	\N	\N	\N	\N	2026-02-23 11:59:26.361339-03	\N
32	5.499.536-9	DOMITILA	ÁVILA MILLAHUAL	LOS PELLINES	2026-02-06	f	\N	\N	\N	\N	\N	\N	\N	\N	\N	\N	2026-02-23 11:59:26.361339-03	\N
33	8.261.892-9	LETICIA EUDOLINA	ÁVILA MILLAHUAL	LOS PELLINES	2026-02-06	f	\N	\N	\N	\N	\N	\N	\N	\N	\N	\N	2026-02-23 11:59:26.361339-03	\N
35	7.927.824-6	CECILIA ORIANA	BAEZA ARIAS	LOS PELLINES	2026-02-06	f	\N	\N	\N	\N	\N	\N	\N	\N	\N	\N	2026-02-23 11:59:26.361339-03	\N
37	14.082.789-4	SANDRA DEL CARMEN	BAHAMONDE OLAVARRÍA	LOS PELLINES	2026-02-06	f	\N	\N	\N	\N	\N	\N	\N	\N	\N	\N	2026-02-23 11:59:26.361339-03	\N
38	11.920.799-1	VERÓNICA ALICIA	BARRA PARRA	PUNUCAPA	2026-02-06	f	\N	\N	\N	\N	\N	\N	\N	\N	\N	\N	2026-02-23 11:59:26.361339-03	\N
39	11.426.406-7	LUIS EDUARDO	BARRÍA CONCHA	LAS GAVIOTAS	2026-02-06	f	\N	\N	\N	\N	\N	\N	\N	\N	\N	\N	2026-02-23 11:59:26.361339-03	\N
40	6.795.402-5	PAULINA ORITIA	BARRIENTOS SILVA	STA BARBARA	2026-02-06	f	\N	\N	\N	\N	\N	\N	\N	\N	\N	\N	2026-02-23 11:59:26.361339-03	\N
45	11.592.154-1	ALICIA CRISTINA	BUSTAMANTE SAN MARTÍN	RINCON DE LA PIEDRA	2026-02-06	f	\N	\N	\N	\N	\N	\N	\N	\N	\N	\N	2026-02-23 11:59:26.361339-03	\N
46	9.037.744-2	PATRICIA AURORA	BUSTAMANTE SEPÚLVEDA	LOS GUINDOS	2026-02-06	f	\N	\N	\N	\N	\N	\N	\N	\N	\N	\N	2026-02-23 11:59:26.361339-03	\N
47	11.114.893-7	MARCELO EULOGIO	BUSTOS BASTÍAS	CASABLANCA	2026-02-06	f	\N	\N	\N	\N	\N	\N	\N	\N	\N	\N	2026-02-23 11:59:26.361339-03	\N
48	10.047.741-6	NANCY JEANETTE	BUSTOS PARADA	CHANCOYAN	2026-02-06	f	\N	\N	\N	\N	\N	\N	\N	\N	\N	\N	2026-02-23 11:59:26.361339-03	\N
50	12.275.446-4	GLADYS DEL CARMEN	CALFULAF GÓMEZ	LOS GUINDOS	2026-02-06	f	\N	\N	\N	\N	\N	\N	\N	\N	\N	\N	2026-02-23 11:59:26.361339-03	\N
52	7.888.704-4	AMALIA DEL CARMEN	CANALES RANTUL	PUNUCAPA	2026-02-06	f	\N	\N	\N	\N	\N	\N	\N	\N	\N	\N	2026-02-23 11:59:26.361339-03	\N
53	12.164.364-2	MARÍA SOLEDAD	CÁRCAMO GUTIÉRREZ	ARIQUE	2026-02-06	f	\N	\N	\N	\N	\N	\N	\N	\N	\N	\N	2026-02-23 11:59:26.361339-03	\N
54	10.292.589-0	MARIELA MARLENE	CARIAGA ULLOA	LOS GUINDOS	2026-02-06	f	\N	\N	\N	\N	\N	\N	\N	\N	\N	\N	2026-02-23 11:59:26.361339-03	\N
55	11.045.129-6	JACQUELINE DEL ROSARIO	CARRASCO SANTANDER	CAMAN	2026-02-06	f	\N	\N	\N	\N	\N	\N	\N	\N	\N	\N	2026-02-23 11:59:26.361339-03	\N
58	5.883.782-2	MARÍA TERESA	CARRILLO RÍOS	LOS GUINDOS	2026-02-06	f	\N	\N	\N	\N	\N	\N	\N	\N	\N	\N	2026-02-23 11:59:26.361339-03	\N
61	11.919.399-0	ISABEL DEL CARMEN	CID GARRIDO	LOS MOLINOS	2026-02-06	f	\N	\N	\N	\N	\N	\N	\N	\N	\N	\N	2026-02-23 11:59:26.361339-03	\N
66	5.644.323-1	RICARDO JOSÉ	CORONA SUBIABRE	CASABLANCA	2026-02-06	f	\N	\N	\N	\N	\N	\N	\N	\N	\N	\N	2026-02-23 11:59:26.361339-03	\N
73	8.174.471-8	Carlos Fernando	Escanilla Keppeler	CAMAN	2026-02-06	f	\N	\N	\N	\N	\N	\N	\N	\N	\N	\N	2026-02-23 11:59:26.361339-03	\N
74	7.234.967-9	HÉCTOR ENRIQUE	ESPARZA FLÁNDEZ	EL TAMBILLO	2026-02-06	f	\N	\N	\N	\N	\N	\N	\N	\N	\N	\N	2026-02-23 11:59:26.361339-03	\N
76	5.793.990-7	PATRICIO	EUGENIO EUGENIO	LOS MOLINOS	2026-02-06	f	\N	\N	\N	\N	\N	\N	\N	\N	\N	\N	2026-02-23 11:59:26.361339-03	\N
78	11.804.741-9	YASNA ISABEL	FIERRO ULLOA	STA BARBARA	2026-02-06	f	\N	\N	\N	\N	\N	\N	\N	\N	\N	\N	2026-02-23 11:59:26.361339-03	\N
79	11.577.366-6	VERÓNICA IVONNE	FIGUEROA GUAJARDO	CAYUMAPU	2026-02-06	f	\N	\N	\N	\N	\N	\N	\N	\N	\N	\N	2026-02-23 11:59:26.361339-03	\N
49	12.432.436-K	YESSICA MARIELA	CADAGÁN	CASABLANCA	2026-02-06	f	\N	47	basica_incompleta	soltera	1973-10-03	HIJOS	528301296	\N	974347610	propietario	2026-02-23 11:59:33.175508-03	t
71	11.424.841-K	LUIS ROBERTO	DÍAZ CASTRO	LOMAS DEL SOL	2026-02-06	f	\N	54	media_completa	casado	1968-12-04	PREDIALES	\N	\N	953651368	\N	2026-02-23 11:59:33.543721-03	f
16	5.736.480-7	CARMEN IRENE	ANGULO AVILÉS	CAYUMAPU	2026-02-06	f	\N	77	basica_incompleta	viuda	1945-12-06	PENSION	\N	\N	962359705	\N	2026-02-23 11:59:33.771902-03	f
24	6.935.631-1	SONIA ALBINA	ARIAS FALCÓN	LOS GUINDOS	2026-02-06	f	\N	70	basica_completa	divorciada	1952-04-29	PGU	\N	\N	984347793	\N	2026-02-23 11:59:33.907701-03	f
41	7.530.545-1	TULIO ERNESTO	BELMAR CORONADO	CAMÁN	2026-02-06	f	\N	68	basica_completa	soltero	1954-02-08	PGU	105088790	\N	972783872	propietario	2026-02-23 11:59:34.415558-03	f
42	11.114.939-9	MILENA JANETT	BRUNO FLÁNDEZ	EL TAMBILLO	2026-02-06	f	\N	57	basica_incompleta	soltera	1965-04-08	PBSV MAMÁ	\N	\N	\N	propietario	2026-02-23 11:59:35.235239-03	t
81	15.531.335-8	ERWIN SERGIO	FLÁNDEZ FLÁNDEZ	EL TAMBILLO	2026-02-06	f	\N	47	basica_completa	soltero	1975-02-08	PREDIALES	\N	\N	\N	\N	2026-02-23 11:59:35.355771-03	f
62	13.520.904-K	RICARDO FERNANDO	CLASING CORONADO	CASABLANCA	2026-02-06	f	\N	44	media_completa	soltero	1978-07-16	PREDIALES	\N	\N	\N	\N	2026-02-23 11:59:35.512777-03	f
67	8.145.144-3	ADA INGRID	CORONADO HENZI	CASABLANCA	2026-02-06	f	\N	69	media_incompleta	casada	1953-06-23	JUBILACIÓN	A028137211	\N	\N	propietario	2026-02-23 11:59:35.546385-03	f
3	7.966.606-8	ROSA EDITA	ABURTO CATRICHEO	CHANCOYAN	2026-02-06	f	\N	69	media_completa	soltera	1953-02-28	PGU	\N	\N	\N	propietario	2026-02-23 11:59:35.815453-03	f
56	11.086.231-8	SUSANA EUSEBIA	CARRILLO BARRIENTOS	QUITAQUI	2026-02-06	f	\N	\N	media_completa	casada	\N	\N	\N	\N	92972211	\N	2026-02-23 11:59:36.511657-03	f
70	14.082.970-6	CYNTHIA PAMELA	DELGADO ESCOBAR	LOMAS DEL SOL	2026-02-06	f	\N	42	media_completa	soltera	1981-08-27	PENSIÓN X HIJO	\N	\N	986398598	propietario	2026-02-23 11:59:36.674837-03	t
23	9.924.385-6	ANA MARÍA	ARCOS AGÜERO	PUNUCAPA	2026-02-06	f	\N	60	\N	casada	1963-02-20	PENSIÓN DISCAPACIDAD	\N	\N	\N	\N	2026-02-23 11:59:36.867299-03	f
63	17.086.592-8	MAGDALENA ELISA	CONTRERAS BARRÍA	LONCOYEN	2026-02-06	f	\N	34	media_completa	soltera	1989-03-21	SUF	\N	\N	\N	\N	2026-02-23 11:59:37.085461-03	\N
17	5.446.933-0	RUTH TERESA	ANTILAF CÁRCAMO	CURIÑANCO	2026-02-06	f	\N	78	media_completa	casada	1945-05-22	PREDIALES PGU	\N	\N	\N	propietario	2026-02-23 11:59:38.031291-03	t
75	7.120.311-5	LUZ MARINA	ESPARZA GARAY	LOS PELLINES	2026-02-06	f	\N	71	\N	casada	1952-07-20	VER PGU	\N	\N	\N	propietario	2026-02-23 11:59:38.110188-03	t
18	14.482.864-K	FABIOLA IRENE	ANTILAF ESPARZA	LOS PELLINES	2026-02-06	f	\N	50	\N	soltera	1973-07-30	TRABAJA EN JJVV	\N	\N	\N	\N	2026-02-23 11:59:38.14525-03	f
64	10.784.457-0	JUAN CARLOS	CONTRERAS ZAPATA	LOS GUINDOS	2026-02-06	f	\N	57	\N	soltero	1966-08-19	PREDIALES	\N	\N	\N	\N	2026-02-23 11:59:38.41723-03	f
77	5.944.009-8	JUAN ALBERTO	FAÚNDEZ AEDO	CUTIPAY ALTO	2026-02-06	f	\N	76	\N	viudo	1947-09-03	PGU	\N	\N	\N	propietario	2026-02-23 11:59:38.752172-03	t
20	6.316.168-3	SONIA IRIS	AQUEVEQUE ÑANCO	CUTIPAY ALTO	2026-02-06	f	\N	72	media_incompleta	divorciada	1950-12-18	PGU	\N	\N	\N	\N	2026-02-23 11:59:38.788995-03	t
8	7.594.474-8	FRANCISCO JAVIER	AGUILAR PÉREZ DE ARCE	PITRACO	2026-02-06	f	\N	67	\N	casado	1956-01-04	PGU	\N	\N	\N	propietario	2026-02-23 11:59:38.865731-03	t
43	8.446.581-K	GLADYS NANCY	BUSTAMANTE AROS	PUNUCAPA	2026-02-06	f	\N	64	\N	casada	1959-08-31	\N	\N	\N	\N	propietario	2026-02-23 11:59:39.014772-03	t
88	10.914.711-7	JUAN ESTEBAN	FLORES MUÑOZ	LOMAS DEL SOL	2026-02-06	f	\N	\N	\N	\N	\N	\N	\N	\N	\N	\N	2026-02-23 11:59:26.361339-03	\N
92	8.603.751-3	JUAN ELIACER	FUENTES CAMPOS	QUITAQUI	2026-02-06	f	\N	\N	\N	\N	\N	\N	\N	\N	\N	\N	2026-02-23 11:59:26.361339-03	\N
94	10.006.014-0	VERÓNICA OLINDA	Gajardo Rocha	CHANCOYAN	2026-02-06	f	\N	\N	\N	\N	\N	\N	\N	\N	\N	\N	2026-02-23 11:59:26.361339-03	\N
99	7.277.768-9	IVÁN MOISÉS	GARRIDO CARO	PUNUCAPA	2026-02-06	f	\N	\N	\N	\N	\N	\N	\N	\N	\N	\N	2026-02-23 11:59:26.361339-03	\N
100	9.556.532-8	ELBA YEISY	GODOY CORONADO	NO	2026-02-06	f	\N	\N	\N	\N	\N	\N	\N	\N	\N	\N	2026-02-23 11:59:26.361339-03	\N
101	9.466.266-4	IRIS DEL CARMEN	GODOY CORONADO	CASABLANCA	2026-02-06	f	\N	\N	\N	\N	\N	\N	\N	\N	\N	\N	2026-02-23 11:59:26.361339-03	\N
102	3.814.337-9	JUAN AGUSTÍN	GONZÁLEZ ASTUDILLO	LOS PELLINES	2026-02-06	f	\N	\N	\N	\N	\N	\N	\N	\N	\N	\N	2026-02-23 11:59:26.361339-03	\N
105	5.881.429-6	ARNOLDO SEBASTIÁN	GONZÁLEZ SEGOVIA	CHANCOYAN	2026-02-06	f	\N	\N	\N	\N	\N	\N	\N	\N	\N	\N	2026-02-23 11:59:26.361339-03	\N
108	10.589.340-K	JACQUELINE DEL CARMEN	HIDALGO ALARCÓN	QUITAQUI	2026-02-06	f	\N	\N	\N	\N	\N	\N	\N	\N	\N	\N	2026-02-23 11:59:26.361339-03	\N
110	14.488.624-0	MARCO ANTONIO	IMIGO BRUNO	QUITAQUI	2026-02-06	f	\N	\N	\N	\N	\N	\N	\N	\N	\N	\N	2026-02-23 11:59:26.361339-03	\N
111	11.889.014-0	CARMEN LORETO	IRIARTE JIMÉNEZ	PUNUCAPA	2026-02-06	f	\N	\N	\N	\N	\N	\N	\N	\N	\N	\N	2026-02-23 11:59:26.361339-03	\N
112	7.285.755-0	ENRIQUE JESÚS	ITURRA GONZÁLEZ	ARIQUE	2026-02-06	f	\N	\N	\N	\N	\N	\N	\N	\N	\N	\N	2026-02-23 11:59:26.361339-03	\N
115	5.272.179-2	ELEODORO	LANDAETA SÁEZ	CUESTA DE SOTO	2026-02-06	f	\N	\N	\N	\N	\N	\N	\N	\N	\N	\N	2026-02-23 11:59:26.361339-03	\N
121	13.670.642-K	LUIS ANDRÉS	LLANOS BARRÍA	PUNUCAPA	2026-02-06	f	\N	\N	\N	\N	\N	\N	\N	\N	\N	\N	2026-02-23 11:59:26.361339-03	\N
122	4.851.600-9	ALBINA	LÓPEZ AROS	PUNUCAPA	2026-02-06	f	\N	\N	\N	\N	\N	\N	\N	\N	\N	\N	2026-02-23 11:59:26.361339-03	\N
127	9.112.839-K	LUISA OTILIA	LOVERA LOVERA	QUITAQUI	2026-02-06	f	\N	\N	\N	\N	\N	\N	\N	\N	\N	\N	2026-02-23 11:59:26.361339-03	\N
129	6.952.330-7	VÍCTOR ANGEL	LOVERA TOLEDO	EL ARENAL	2026-02-06	f	\N	\N	\N	\N	\N	\N	\N	\N	\N	\N	2026-02-23 11:59:26.361339-03	\N
131	18.838.292-4	MARCELA ALEJANDRA	LUENGO ANTILAF	LOS PELLINES	2026-02-06	f	\N	\N	\N	\N	\N	\N	\N	\N	\N	\N	2026-02-23 11:59:26.361339-03	\N
133	6.636.939-0	MARÍA IRMA	MANQUEL CUMIAN	CURIÑANCO	2026-02-06	f	\N	\N	\N	\N	\N	\N	\N	\N	\N	\N	2026-02-23 11:59:26.361339-03	\N
138	10.315.624-6	ROBERTO WILIBALDO	MARTÍNEZ CASTILLO	CAMAN	2026-02-06	f	\N	\N	\N	\N	\N	\N	\N	\N	\N	\N	2026-02-23 11:59:26.361339-03	\N
139	6.892.105-8	JOSÉ ABELINO	MARTÍNEZ MONTECINOS	EL POTRERO	2026-02-06	f	\N	\N	\N	\N	\N	\N	\N	\N	\N	\N	2026-02-23 11:59:26.361339-03	\N
140	8.411.937-7	CUPERTINA DEL CARMEN	MARTÍNEZ SOTO	CHANCOYAN	2026-02-06	f	\N	\N	\N	\N	\N	\N	\N	\N	\N	\N	2026-02-23 11:59:26.361339-03	\N
141	10.550.832-8	MÓNICA DEL CARMEN	MATAMALA ÑANCO	CURIÑANCO	2026-02-06	f	\N	\N	\N	\N	\N	\N	\N	\N	\N	\N	2026-02-23 11:59:26.361339-03	\N
142	10.205.956-5	YOLANDA	MATÍAS MARTÍNEZ	LA MISION	2026-02-06	f	\N	\N	\N	\N	\N	\N	\N	\N	\N	\N	2026-02-23 11:59:26.361339-03	\N
143	11.590.985-1	ANA GUILLERMINA	MEJÍAS CADAGÁN	CAMAN	2026-02-06	f	\N	\N	\N	\N	\N	\N	\N	\N	\N	\N	2026-02-23 11:59:26.361339-03	\N
144	9.059.182-7	JORGE GERARDO	MÉNDEZ FLORES	CALLE CALLE	2026-02-06	f	\N	\N	\N	\N	\N	\N	\N	\N	\N	\N	2026-02-23 11:59:26.361339-03	\N
145	12.932.319-1	SARA SUSANA	MILLANAO GARCÍA	LOS PELLINES	2026-02-06	f	\N	\N	\N	\N	\N	\N	\N	\N	\N	\N	2026-02-23 11:59:26.361339-03	\N
147	11.919.989-1	EMILIO FERNANDO	MIRANDA MIRANDA	AGUAS DEL OBISPO	2026-02-06	f	\N	\N	\N	\N	\N	\N	\N	\N	\N	\N	2026-02-23 11:59:26.361339-03	\N
148	18.132.091-5	SUSANA ANDREA	MOLINA GODOY	MOLCO	2026-02-06	f	\N	\N	\N	\N	\N	\N	\N	\N	\N	\N	2026-02-23 11:59:26.361339-03	\N
149	15.573.052-8	PAMELA CAROLINA	MONDACA IBACACHE	CHANCOYAN	2026-02-06	f	\N	\N	\N	\N	\N	\N	\N	\N	\N	\N	2026-02-23 11:59:26.361339-03	\N
152	6.703.077-K	MARÍA ELIANA	MONTECINOS PAILLALEF	CURIÑANCO	2026-02-06	f	\N	\N	\N	\N	\N	\N	\N	\N	\N	\N	2026-02-23 11:59:26.361339-03	\N
163	7.122.166-0	NANCY LETICIA	NÚÑEZ CANO	CAYUMAPU	2026-02-06	f	\N	\N	\N	\N	\N	\N	\N	\N	\N	\N	2026-02-23 11:59:26.361339-03	\N
164	7.828.867-1	JOSÉ DEL TRÁNSITO	ÑANCO ÑANCO	LOS PELLINES	2026-02-06	f	\N	\N	\N	\N	\N	\N	\N	\N	\N	\N	2026-02-23 11:59:26.361339-03	\N
165	7.871.075-6	JOSÉ EDUARDO	ÑANCO ÑANCO	LOS PELLINES	2026-02-06	f	\N	\N	\N	\N	\N	\N	\N	\N	\N	\N	2026-02-23 11:59:26.361339-03	\N
166	18.889.056-3	PAULA LISSET	OJEDA IBÁÑEZ	LOS PELLINES	2026-02-06	f	\N	\N	\N	\N	\N	\N	\N	\N	\N	\N	2026-02-23 11:59:26.361339-03	\N
168	7.294.756-8	AURORA DEL CARMEN	OLAVARRÍA OLAVARRÍA	LOS PELLINES	2026-02-06	f	\N	\N	\N	\N	\N	\N	\N	\N	\N	\N	2026-02-23 11:59:26.361339-03	\N
89	9.812.431-4	JOVEL ERNESTO	FLORES MUÑOZ	LOMAS DEL SOL	2026-02-06	f	\N	59	basica_incompleta	divorciado	1963-12-01	PREDIALES	\N	\N	974487922	propietario	2026-02-23 11:59:33.469158-03	t
161	12.430.976-K	PABLO ALEJANDRO	NÚÑEZ ANGULO	CAYUMAPU	2026-02-06	f	\N	49	\N	soltero	1973-02-06	PREDIALES	\N	\N	962136678	propietario	2026-02-23 11:59:33.742064-03	t
162	11.705.346-6	CECILIA ESTER	NÚÑEZ ANGULO	CAYUMAPU	2026-02-06	f	\N	51	media_completa	soltera	1971-11-16	TRABAJO	\N	\N	981554154	\N	2026-02-23 11:59:33.796101-03	f
104	8.398.470-8	DIONISIA	GONZÁLEZ LARA	CHANCOYAN	2026-02-06	f	\N	76	\N	casada	1946-10-04	PGU	110016291	\N	983550563	propietario	2026-02-23 11:59:34.121578-03	t
97	11.115.178-4	ELENA DEL CARMEN	GALLARDO URRUTIA	CHANCOYAN	2026-02-06	f	\N	56	basica_incompleta	casada	1966-11-07	SUF	\N	\N	979486859	propietario	2026-02-23 11:59:34.254823-03	t
128	7.354.110-7	GILBERTO SEGUNDO	LOVERA SÁNCHEZ	CUESTA SOTO	2026-02-06	f	\N	67	basica_incompleta	soltero	1955-06-08	PGU	\N	\N	\N	propietario	2026-02-23 11:59:34.570008-03	t
9	12.566.649-3	YESSICA ALEJANDRA	ALBORNOZ MEDINA	ARIQUE	2026-02-06	f	\N	49	\N	casada	1974-09-15	SUF	\N	\N	\N	propietario	2026-02-23 11:59:34.879514-03	t
130	9.443.291-K	CARMEN EDITH	Lovera Toledo	EL ARENAL	2026-02-06	f	\N	63	basica_incompleta	soltera	1959-04-06	TRABAJO	\N	\N	\N	propietario	2026-02-23 11:59:34.951359-03	t
118	5.100.708-5	IRENE	LEMARI LEMARI	LOS GUINDOS	2026-02-06	f	\N	81	basica_incompleta	viuda	1941-10-20	PGU	\N	\N	\N	propietario	2026-02-23 11:59:35.158593-03	t
90	8.263.764-8	SILVIA AUDINA	FLORES ROA	CAMAN	2026-02-06	f	\N	65	basica_incompleta	casada	1957-09-28	PGU	\N	\N	953875575	\N	2026-02-23 11:59:36.038749-03	t
151	9.894.753-1	JUAN CARLOS	MONTANO VARGAS	CHANCOYAN	2026-02-06	f	\N	58	media_completa	soltero	1964-04-09	PREDIALES	\N	\N	\N	propietario	2026-02-23 11:59:36.152799-03	t
159	7.701.755-0	ADRIANA PATRICIA	NAVARRO NAVARRO	CHANCOYÁN	2026-02-06	f	\N	66	media_incompleta	casada	1957-01-10	PGU/TRABAJO	\N	\N	\N	propietario	2026-02-23 11:59:36.383933-03	t
136	7.642.849-2	CLARA ELY	MARTIN TRUJILLO	EL ARENAL	2026-02-06	f	\N	67	\N	soltera	1956-01-10	PGU	\N	\N	\N	\N	2026-02-23 11:59:36.468102-03	f
93	6.114.000-K	ABRAHAM GABRIEL	FUENTES OLIVA	ARIQUE	2026-02-06	f	\N	73	media_completa	divorciado	1949-11-06	PGU	\N	\N	\N	propietario	2026-02-23 11:59:36.634613-03	t
91	10.698.827-7	HÉCTOR PATRICIO	FREDERICKSEN VELÁSQUEZ	PUNUCAPA	2026-02-06	f	\N	55	basica_completa	soltero	1968-04-20	PREDIALES	\N	\N	\N	\N	2026-02-23 11:59:36.94342-03	f
123	6.620.705-6	ELIDA DEL CARMEN	LÓPEZ LÓPEZ	LOS GUINDOS	2026-02-06	f	\N	76	\N	viuda	1947-05-30	PGU	\N	\N	\N	propietario	2026-02-23 11:59:37.2924-03	t
95	10.291.225-K	RITA ISOLINA	GALLARDO KUHL	LOMAS DEL SOL	2026-02-06	f	\N	59	\N	casada	1963-10-09	TRABAJA	\N	\N	\N	propietario	2026-02-23 11:59:37.490603-03	t
113	5.825.782-6	CLAUDINA MARINA	JARAMILLO FLÁNDEZ	EL TAMBILLO	2026-02-06	f	\N	80	\N	casada	1942-11-02	PGU	\N	\N	\N	propietario	2026-02-23 11:59:37.576432-03	t
124	13.609.464-5	CRISTIAN GUSTAVO	LOVERA AYALA	EL ARENAL	2026-02-06	f	\N	44	media_completa	soltero	1979-03-12	PREDIALES	\N	\N	\N	propietario	2026-02-23 11:59:37.835792-03	t
2	14.428.024-5	MARITZA MABEL	ABARCAS CORONADO	QUITAQUI	2026-02-06	f	\N	54	media_completa	divorciada	1969-01-15	TRABAJÓ	\N	\N	\N	propietario	2026-02-23 11:59:37.996285-03	t
160	5.428.627-9	LUZ MARINA	NOA	CHANCOYÁN	2026-02-06	f	\N	83	\N	viuda	1940-06-06	PENSIÓN VEJEZ Y VIUDEZ	\N	\N	\N	propietario	2026-02-23 11:59:38.262846-03	t
150	9.603.737-6	GLORIA CLARISA	MONENY CEPEDA	CAMAN ORIENTE	2026-02-06	f	\N	61	media_incompleta	divorciada	1962-06-26	PENSIÓN AFP	\N	\N	\N	\N	2026-02-23 11:59:38.501434-03	f
107	7.062.184-3	ROSA DELFINA	GUZMÁN ROJAS	CAMÁN	2026-02-06	f	\N	65	media_completa	casada	1957-11-24	PGU AMBOS	\N	\N	\N	propietario	2026-02-23 11:59:38.683857-03	t
132	13.320.822-4	GIÑIA EDITH	LUER MOLL	CAMÁN	2026-02-06	f	\N	46	media_incompleta	divorciada	1976-11-28	PENSIÓN INVALIDEZ	\N	\N	\N	\N	2026-02-23 11:59:38.719263-03	f
85	9.602.798-2	MARÍA BRÍGIDA	FLORES CÁRCAMO	LOS PELLINES	2026-02-06	f	\N	\N	\N	\N	\N	\N	\N	\N	\N	\N	2026-02-23 11:59:26.361339-03	\N
106	13.320.201-3	MAURICIO DEL ROSARIO	GUZMÁN MONTECINOS	ANTILHUE	2026-02-06	f	\N	\N	\N	\N	\N	\N	\N	\N	\N	\N	2026-02-23 11:59:26.361339-03	\N
135	9.525.260-5	MARTA ROSA	MARTIN FLÁNDEZ	PUNUCAPA	2026-02-06	f	\N	\N	\N	\N	\N	\N	\N	\N	\N	\N	2026-02-23 11:59:26.361339-03	\N
169	7.328.963-7	ISAAC SABINO	OLIVA FERNÁNDEZ	CASABLANCA	2026-02-06	f	\N	\N	\N	\N	\N	\N	\N	\N	\N	\N	2026-02-23 11:59:26.361339-03	\N
171	4.292.180-7	JUANA	OLIVERA BARREAU	PISHUINCO	2026-02-06	f	\N	\N	\N	\N	\N	\N	\N	\N	\N	\N	2026-02-23 11:59:26.361339-03	\N
172	9.947.583-8	MAGALI DEL CARMEN	ORELLANA TAPIA	ARIQUE	2026-02-06	f	\N	\N	\N	\N	\N	\N	\N	\N	\N	\N	2026-02-23 11:59:26.361339-03	\N
175	17.693.395-K	FLAVIO ALBERTO	PACHECO DÍAZ	CAMAN	2026-02-06	f	\N	\N	\N	\N	\N	\N	\N	\N	\N	\N	2026-02-23 11:59:26.361339-03	\N
176	11.703.353-8	CLAUDIO MARCELO	PACHECO SÁEZ	CASABLANCA	2026-02-06	f	\N	\N	\N	\N	\N	\N	\N	\N	\N	\N	2026-02-23 11:59:26.361339-03	\N
178	14.473.711-3	SARA LEDA	PAILLALEF AVILA	LOS PELLINES	2026-02-06	f	\N	\N	\N	\N	\N	\N	\N	\N	\N	\N	2026-02-23 11:59:26.361339-03	\N
180	6.793.731-7	ELENA DEL CARMEN	PARRA PARRA	PUNUCAPA	2026-02-06	f	\N	\N	\N	\N	\N	\N	\N	\N	\N	\N	2026-02-23 11:59:26.361339-03	\N
185	12.091.539-8	SANDRA NORA	PÉREZ NAVARRO	HUELLELHUE	2026-02-06	f	\N	\N	\N	\N	\N	\N	\N	\N	\N	\N	2026-02-23 11:59:26.361339-03	\N
187	5.883.130-1	ALFREDO JUAN	PINEDA VIBALLO	CABOBLANCO	2026-02-06	f	\N	\N	\N	\N	\N	\N	\N	\N	\N	\N	2026-02-23 11:59:26.361339-03	\N
188	15.262.096-9	ALEX ARTURO	QUIL ARRIAGADA	CAMINO VIEJO L UNION	2026-02-06	f	\N	\N	\N	\N	\N	\N	\N	\N	\N	\N	2026-02-23 11:59:26.361339-03	\N
191	5.687.420-8	DAGOBERTO ENRIQUE	RAMÍREZ ARRIAGADA	BONIFACIO	2026-02-06	f	\N	\N	\N	\N	\N	\N	\N	\N	\N	\N	2026-02-23 11:59:26.361339-03	\N
192	15.530.621-1	CAMILA BELÉN	RAMÍREZ INOSTROZA	CABOBLANCO	2026-02-06	f	\N	\N	\N	\N	\N	\N	\N	\N	\N	\N	2026-02-23 11:59:26.361339-03	\N
195	10.115.793-8	ANGÉLICA BEATRIZ	RIQUELME AGUILERA	ARIQUE	2026-02-06	f	\N	\N	\N	\N	\N	\N	\N	\N	\N	\N	2026-02-23 11:59:26.361339-03	\N
197	17.696.213-5	PABLO ALEXIS	RIQUELME ROMERO	CHANCOYAN	2026-02-06	f	\N	\N	\N	\N	\N	\N	\N	\N	\N	\N	2026-02-23 11:59:26.361339-03	\N
199	22.894.363-0	JANA REBECCA	ROHRBACH	PUNUCAPA	2026-02-06	f	\N	\N	\N	\N	\N	\N	\N	\N	\N	\N	2026-02-23 11:59:26.361339-03	\N
200	13.847.150-0	LEVI EZER	ROJAS MUÑOZ	PISHUINCO	2026-02-06	f	\N	\N	\N	\N	\N	\N	\N	\N	\N	\N	2026-02-23 11:59:26.361339-03	\N
201	12.336.727-8	PATRICIA DEL CARMEN	ROJEL URRUTIA	CASABLANCA	2026-02-06	f	\N	\N	\N	\N	\N	\N	\N	\N	\N	\N	2026-02-23 11:59:26.361339-03	\N
203	15.292.807-6	KARIN SOLEDAD	SALGADO SALGADO	CHANCOYAN	2026-02-06	f	\N	\N	\N	\N	\N	\N	\N	\N	\N	\N	2026-02-23 11:59:26.361339-03	\N
204	11.590.957-6	MÓNICA NANCY	SALINAS BRUNO	QUITAQUI	2026-02-06	f	\N	\N	\N	\N	\N	\N	\N	\N	\N	\N	2026-02-23 11:59:26.361339-03	\N
206	6.626.152-2	DOMINGO SEGUNDO	SALINAS BRUNO	PILOLCURA	2026-02-06	f	\N	\N	\N	\N	\N	\N	\N	\N	\N	\N	2026-02-23 11:59:26.361339-03	\N
212	15.549.475-1	VALESCA ROXANA	SANTANA VALENZUELA	PISHUINCO	2026-02-06	f	\N	\N	\N	\N	\N	\N	\N	\N	\N	\N	2026-02-23 11:59:26.361339-03	\N
213	9.988.486-K	CINTHYA ANDREA	SANZANA MÜLLER	COSTA	2026-02-06	f	\N	\N	\N	\N	\N	\N	\N	\N	\N	\N	2026-02-23 11:59:26.361339-03	\N
214	4.391.148-1	SILVIA DEL CARMEN	SARAVIA GUTIÉRREZ	LOS PELLINES	2026-02-06	f	\N	\N	\N	\N	\N	\N	\N	\N	\N	\N	2026-02-23 11:59:26.361339-03	\N
222	9.912.740-6	VÍCTOR GILBERTO	TORRES TORRES	LOS PELLINES	2026-02-06	f	\N	\N	\N	\N	\N	\N	\N	\N	\N	\N	2026-02-23 11:59:26.361339-03	\N
224	8.725.495-K	BERNARDO ENRIQUE	ULLOA GUZMÁN	CAMAN	2026-02-06	f	\N	\N	\N	\N	\N	\N	\N	\N	\N	\N	2026-02-23 11:59:26.361339-03	\N
225	15.261.485-3	MARCELO FRANCISCO	URRA URRA	CHANCOYAN	2026-02-06	f	\N	\N	\N	\N	\N	\N	\N	\N	\N	\N	2026-02-23 11:59:26.361339-03	\N
229	9.447.466-3	CARLOS ALBERTO	VALLEJOS ARCOS	CHINCUIN	2026-02-06	f	\N	\N	\N	\N	\N	\N	\N	\N	\N	\N	2026-02-23 11:59:26.361339-03	\N
230	8.756.821-0	MARCIAL ENRIQUE	VALLEJOS CEA	STO DOMINGOI	2026-02-06	f	\N	\N	\N	\N	\N	\N	\N	\N	\N	\N	2026-02-23 11:59:26.361339-03	\N
231	16.805.875-6	RUTH MARÍA	VARGAS MARTÍNEZ	LOS PELLINES	2026-02-06	f	\N	\N	\N	\N	\N	\N	\N	\N	\N	\N	2026-02-23 11:59:26.361339-03	\N
233	17.360.681-8	VANESSA ABIGAIL	VERA REYES	COSTA	2026-02-06	f	\N	\N	\N	\N	\N	\N	\N	\N	\N	\N	2026-02-23 11:59:26.361339-03	\N
234	7.332.122-0	ANA MAGDALENA	VERGARA BARRÍA	CAMAN	2026-02-06	f	\N	\N	\N	\N	\N	\N	\N	\N	\N	\N	2026-02-23 11:59:26.361339-03	\N
239	17.359.632-4	OSCAR EDUARDO	VILLANUEVA BARRIENTOS	PUNUCAPA	2026-02-06	f	\N	\N	\N	\N	\N	\N	\N	\N	\N	\N	2026-02-23 11:59:26.361339-03	\N
241	8.136.372-2	MARÍA AUDELIA	VILLAR GUERRERO	CATRIPULLI	2026-02-06	f	\N	\N	\N	\N	\N	\N	\N	\N	\N	\N	2026-02-23 11:59:26.361339-03	\N
242	11.413.788-K	JUANA LIBORINA	YÁÑEZ NAVARRO	ARIQUE	2026-02-06	f	\N	\N	\N	\N	\N	\N	\N	\N	\N	\N	2026-02-23 11:59:26.361339-03	\N
209	8.618.430-3	RORI ORNELLA	SALINAS FIGUEROA	STA TERESA	2026-02-06	f	\N	\N	\N	\N	\N	\N	\N	\N	\N	\N	2026-02-23 11:59:26.361339-03	\N
186	11.704.801-2	CECILIA ESTER	PINEDA JARA	LOMAS DEL SOL	2026-02-06	f	\N	51	media_incompleta	casada	1971-06-07	SUELDO ESPOSO	\N	\N	954653724	propietario	2026-02-23 11:59:33.499695-03	f
210	8.644.176-4	VENANCIO OTTO	SALINAS FLÁNDEZ	QUITAQUI	2026-02-06	f	\N	64	basica_incompleta	soltero	1958-08-11	PREDIALES	\N	\N	\N	\N	2026-02-23 11:59:33.985796-03	f
228	6.795.831-4	LEONILA DEL CARMEN	VALENZUELA VILLANUEVA	CAMÁN	2026-02-06	f	\N	83	basica_incompleta	viuda	1939-08-28	PGU	519604106	\N	\N	propietario	2026-02-23 11:59:34.364951-03	t
174	12.109.907-1	ROSA RUTH	Ovalle Quil	LOMAS DEL SOL	2026-02-06	f	\N	59	\N	soltera	1963-09-28	PREDIALES	\N	\N	\N	propietario	2026-02-23 11:59:34.726349-03	t
202	4.921.624-6	DINA LUISA	SÁEZ ULLOA	MOLCO	2026-02-06	f	\N	80	basica_incompleta	casada	1942-04-25	PGU	\N	\N	\N	\N	2026-02-23 11:59:35.584803-03	f
221	5.751.017-K	MARÍA CAROLINA	TORRES CANO	MOLCO	2026-02-06	f	\N	75	basica_incompleta	viuda	1947-09-19	PGU	\N	\N	\N	\N	2026-02-23 11:59:35.621317-03	f
156	4.979.318-9	MARÍA PROSPERINA	NAHUEL QUINTANA	LOS PELLINES	2026-02-06	f	\N	83	\N	casada	1939-07-29	PGU	\N	\N	\N	propietario	2026-02-23 11:59:35.733108-03	t
216	4.618.474-2	MARIO ESTEBAN	SILVA QUEZADA	CASABLANCA	2026-02-06	f	\N	82	basica_incompleta	casado	1940-04-25	PGU	\N	\N	\N	propietario	2026-02-23 11:59:35.917316-03	t
173	11.704.956-6	PATRICIA DEL CARMEN	OSSES CID	CAYUMAPU	2026-02-06	f	\N	51	basica_incompleta	soltera	1971-07-13	PREDIALES (ARTESANÍA)	\N	\N	\N	\N	2026-02-23 11:59:36.002942-03	f
184	6.417.330-8	ANDRÉS NELSON	PÉREZ BAEZ	CUTIPAY BAJO	2026-02-06	f	\N	71	\N	soltero	1951-11-30	PREDIALES	\N	\N	\N	\N	2026-02-23 11:59:36.190665-03	\N
237	10.215.676-5	NICOMEDES RAÚL	VILLANUEVA ARRIAGADA	CUTIPAY BAJO	2026-02-06	f	\N	58	\N	soltero	1965-05-06	PREDIALES	\N	\N	\N	\N	2026-02-23 11:59:36.276093-03	f
179	5.243.044-5	GLADI DEL CARMEN	PAILLAPAN CARILLANCA	CASABLANCA	2026-02-06	f	\N	80	media_incompleta	viuda	1943-03-01	\N	\N	\N	\N	propietario	2026-02-23 11:59:36.903098-03	t
223	15.261.463-2	MARGARITA ISABEL	TRONCOSO HIGUERAS	PINO HUACHO	2026-02-06	f	\N	49	media_completa	soltera	1974-08-15	INDEPENDIENTE	\N	\N	\N	propietario	2026-02-23 11:59:37.045089-03	t
196	10.206.555-7	CLAUDIA ELIZABETH	RIQUELME MEDINA	CAYUMAPU	2026-02-06	f	\N	59	\N	casada	1964-07-21	PENSIÓN INVALIDEZ	\N	\N	\N	propietario	2026-02-23 11:59:37.14039-03	t
220	11.703.923-4	ALEJANDRA DEL CARMEN	TOLEDO GONZÁLEZ	PUNUCAPA	2026-02-06	f	\N	52	\N	soltera	1971-01-11	TRABAJO	\N	\N	\N	\N	2026-02-23 11:59:37.252635-03	t
218	7.638.888-1	ESTERCILA DEL CARMEN	SOLAR PAINEQUEO	LOS GUINDOS	2026-02-06	f	\N	69	\N	soltera	1954-09-15	PGU	\N	\N	\N	propietario	2026-02-23 11:59:37.329172-03	t
182	12.746.560-6	PABLO RUBÉN	PEÑA GONZÁLEZ	CHANCOYAN	2026-02-06	f	\N	54	\N	soltero	1969-03-01	PREDIALES	\N	\N	\N	propietario	2026-02-23 11:59:37.448834-03	t
240	19.612.875-1	OSCAR MANUEL	VILLANUEVA VILLANUEVA	TAMBILLO	2026-02-06	f	\N	33	media_incompleta	soltero	1989-09-28	SUF, INDEPENDIENTE	\N	\N	962209849	\N	2026-02-23 11:59:37.611448-03	f
235	9.939.034-4	JAIME ROBERTO	VILLANUEVA ALARCÓN	TAMBILLO	2026-02-06	f	\N	59	\N	casado	1964-05-04	PREDIALES	\N	\N	\N	propietario	2026-02-23 11:59:37.755718-03	t
207	10.572.668-6	IRENE CELIA	SALINAS BRUNO	QUITAQUI	2026-02-06	f	\N	59	\N	divorciada	1963-12-23	ARRIENDO EN IQUIQUE	\N	\N	\N	\N	2026-02-23 11:59:37.917887-03	f
177	13.319.817-2	BRENDA ALICIA	PAILLALEF ÁVILA	LOS PELLINES	2026-02-06	f	\N	55	\N	soltera	1968-05-19	PENSIÓN INVALIDEZ	\N	\N	\N	\N	2026-02-23 11:59:38.347456-03	f
170	8.632.780-5	LUIS NOLBERTO	OLIVA ROJAS	LOS GUINDOS	2026-02-06	f	\N	63	media_completa	casado	1960-05-14	PENSIÓN INVALIDEZ	\N	\N	\N	propietario	2026-02-23 11:59:38.459559-03	t
194	9.187.836-4	LINA ANTONIETA	REYES VEGA	CHINCUÍN	2026-02-06	f	\N	59	\N	casada	1964-08-06	PENSIÓN ESPOSO	\N	\N	\N	\N	2026-02-23 11:59:38.648263-03	\N
193	8.266.996-5	IDA DEL CARMEN	REYES SILVA	LOS GUINDOS	2026-02-06	f	\N	\N	\N	viuda	\N	\N	\N	\N	\N	\N	2026-02-23 11:59:38.90139-03	f
30	5.766.255-7	HERIBERTO SEGUNDO	ASENJO CARO	CASABLANCA	2026-02-06	f	\N	75	basica_incompleta	soltero	1947-08-22	PGU	513303984	\N	\N	propietario	2026-02-23 11:59:33.090422-03	\N
65	8.626.598-2	LUIS EULOGIO	CORONA CADEGAN	CASABLANCA	2026-02-06	f	\N	62	basica_incompleta	soltero	1961-06-19	PREDIALES	526776038	\N	958819109	propietario	2026-02-23 11:59:33.145529-03	\N
86	11.703.186-1	ALDO JOEL	FLORES MARTEL	CASABLANCA	2026-02-06	f	\N	54	media_completa	soltero	1968-01-14	PREDIALES	\N	\N	\N	propietario	2026-02-23 11:59:33.216182-03	t
226	13.609.626-5	SONIA DEL PILAR	VALENZUELA OVALLE	LOMAS DEL SOL	2026-02-06	f	\N	44	basica_completa	soltera	1978-03-17	SUF	\N	\N	987926213	\N	2026-02-23 11:59:33.241869-03	f
154	7.493.174-K	SEGUNDO RICARDO	MÜLLER GALLARDO	LOMAS DEL SOL	2026-02-06	f	\N	67	\N	viudo	1955-10-23	PGU	\N	\N	958977937	propietario	2026-02-23 11:59:33.273316-03	f
72	5.464.257-1	LUIS ARSENIO	DÍAZ REHL	LOMAS DEL SOL	2026-02-06	f	\N	76	media_completa	casado	1946-06-06	PGU	\N	\N	977926148	propietario	2026-02-23 11:59:33.384999-03	f
227	7.594.241-9	JUAN SEGUNDO	VALENZUELA RODRÍGUEZ	LOMAS DEL SOL	2026-02-06	f	\N	68	\N	casado	1954-02-23	PGU	\N	\N	994058502	propietario	2026-02-23 11:59:33.415222-03	t
117	12.200.005-2	BLANCA CECILIA	LEIVA BARRIENTOS	CAYUMAPU	2026-02-06	f	\N	51	media_completa	soltera	1971-08-31	TRABAJO	\N	\N	990918216	propietario	2026-02-23 11:59:33.696256-03	t
7	7.557.512-2	INNIA EUFEMIA	AGUILAR OLIVARES	STO DOMINGO	2026-02-06	f	\N	70	\N	viuda	1952-06-18	PENSION	\N	\N	\N	propietario	2026-02-23 11:59:33.824734-03	t
109	17.694.605-9	DELIA SOLEDAD	HIDALGO ALBORNOZ	LOS GUINDOS	2026-02-06	f	\N	31	basica_completa	soltera	1991-03-08	SUF	\N	\N	966522257	\N	2026-02-23 11:59:33.859734-03	f
208	8.817.966-8	MARIO PEDRO	SALINAS BRUNO	QUITAQUI	2026-02-06	f	\N	62	basica_incompleta	casado	1960-05-26	PREDIALES	\N	\N	\N	\N	2026-02-23 11:59:33.951219-03	f
205	11.324.256-6	NORA MARISA	SALINAS BRUNO	QUITAQUI	2026-02-06	f	\N	54	basica_incompleta	soltera	1968-08-20	PREDIALES	\N	\N	965167030	\N	2026-02-23 11:59:34.014008-03	f
13	15.262.257-0	MERCEDES DE LOS ANGELES	ANCAMIL MORA	QUITAQUI	2026-02-06	f	\N	40	media_completa	soltera	1982-10-28	SUF	\N	\N	975325125	\N	2026-02-23 11:59:34.048373-03	f
158	9.937.761-5	WALDO LEONARDO	NAVARRO NAVARRO	CHANCOYAN	2026-02-06	f	\N	59	basica_completa	soltero	1964-01-15	PREDIALES, TRABAJOS ESPORÁDICOS	\N	\N	986988564	propietario	2026-02-23 11:59:34.198802-03	t
116	12.082.808-8	LUZ ELIANA	LARA GALLARDO	CHANCOYAN	2026-02-06	f	\N	58	basica_completa	casada	1965-01-25	ESPOSO	\N	\N	\N	propietario	2026-02-23 11:59:34.314914-03	t
211	7.394.091-5	SERGIO RIGOBERTO	SÁNCHEZ SUÁREZ	CUESTA SOTO	2026-02-06	f	\N	68	media_completa	divorciado	1954-09-30	PGU	\N	\N	\N	propietario	2026-02-23 11:59:34.506646-03	t
153	14.399.937-8	EMILIO OCTAVIO	MONTOYA CORRALES	LOMAS DEL SOL	2026-02-06	f	\N	52	basica_completa	soltero	1970-10-24	PREDIALES	\N	\N	\N	propietario	2026-02-23 11:59:34.666593-03	t
60	11.129.266-3	LUZ ESTELA	CHÁVEZ RÍOS	EL ARENAL	2026-02-06	f	\N	56	media_completa	soltera	1966-12-03	PREDIALES, SEGURO DE VIDA	\N	\N	\N	\N	2026-02-23 11:59:35.008137-03	f
243	8.576.828-K	ANA MARÍA	YAVAR RAMÍREZ	EL ARENAL	2026-02-06	f	\N	64	basica_completa	casada	1958-07-09	PREDIALES, JUBILACIÓN ESPOSO	\N	\N	\N	propietario	2026-02-23 11:59:35.059678-03	t
119	1.854.592-6	CARMEN	LEMARIE TEJEDA	LOS GUINDOS	2026-02-06	f	\N	98	\N	viuda	1924-07-16	PGU	523625226	\N	\N	propietario	2026-02-23 11:59:35.110984-03	t
83	9.924.911-0	RUBÉN MARCOS	FLÁNDEZ FLÁNDEZ	EL TAMBILLO	2026-02-06	f	\N	59	basica_incompleta	casado	1963-10-23	TRABAJO	\N	\N	\N	\N	2026-02-23 11:59:35.294981-03	f
82	8.398.659-K	ANDRÉS ANÍBAL	FLÁNDEZ FLÁNDEZ	EL TAMBILLO	2026-02-06	f	\N	66	basica_completa	divorciado	1956-11-12	PGU	\N	\N	\N	propietario	2026-02-23 11:59:35.402128-03	t
114	6.409.916-7	HÉCTOR TEODORO	KUHL DUARTE	CASABLANCA	2026-02-06	f	\N	73	basica_incompleta	casado	1950-04-30	PGU	\N	\N	\N	propietario	2026-02-23 11:59:35.445159-03	t
198	11.920.805-K	BLANCA PILAR	ROGA VERA	MOLCO	2026-02-06	f	\N	52	basica_incompleta	casada	1970-12-14	PREDIALES	\N	\N	\N	\N	2026-02-23 11:59:35.658049-03	f
51	7.888.703-6	ISOLDE DEL ROSARIO	CANALES RANTUL	PUNUCAPA	2026-02-06	f	\N	63	media_incompleta	soltera	1959-04-10	TRABAJO, PREDIALES	\N	\N	\N	propietario	2026-02-23 11:59:35.777172-03	t
219	12.043.897-2	NELSY ESTER	SOTO SOTO	CASABLANCA	2026-02-06	f	\N	54	media_completa	casada	1968-12-07	PENSIÓN DISCAPACIDAD HIJA, PGU ESPOSO, AYUDA HIJA MAYOR	\N	\N	967298560	\N	2026-02-23 11:59:35.862718-03	f
189	8.088.143-6	SEBASTIÁN ENRIQUE	QUIROZ CASTRO	CUTIPAY	2026-02-06	f	\N	69	basica_incompleta	casado	1953-07-17	PGU	\N	\N	\N	propietario	2026-02-23 11:59:35.969046-03	t
34	6.216.703-3	MANUEL EDUARDO	BADILLA ROBLES	CHANCOYAN	2026-02-06	f	\N	74	\N	casado	1948-09-20	PGU	\N	\N	\N	propietario	2026-02-23 11:59:36.074506-03	t
103	6.809.536-0	NANCY MIRIAM	GONZÁLEZ CARRASCO	CHANCOYAN	2026-02-06	f	\N	73	media_incompleta	casada	1949-05-28	PGU	\N	\N	\N	propietario	2026-02-23 11:59:36.113277-03	t
238	11.919.569-1	SILVIA IDES	VILLANUEVA ARRIAGADA	CUTIPAY	2026-02-06	f	\N	\N	media_completa	soltera	\N	PREDIALES	\N	\N	\N	\N	2026-02-23 11:59:36.231958-03	f
137	3.324.234-4	ELIECER	MARTÍNEZ CARTES	CHANCOYÁN	2026-02-06	f	\N	92	media_completa	viudo	1931-03-12	PGU	\N	\N	\N	propietario	2026-02-23 11:59:36.336238-03	t
215	6.331.123-5	IRENE DEL CARMEN	SILVA ÁLVAREZ	CHANCOYÁN	2026-02-06	f	\N	74	\N	viuda	1949-08-27	APORTE PREVISIONAL SOLIDARIO	\N	\N	\N	\N	2026-02-23 11:59:36.426753-03	f
12	11.324.769-K	GLORIA FRANCISCA	ALVA BARRIENTOS	QUITAQUI	2026-02-06	f	\N	56	media_incompleta	soltera	1967-08-21	PREDIALES	\N	\N	989695271	\N	2026-02-23 11:59:36.548185-03	f
120	7.489.418-6	FLOR LIDIA	LEÓN REYES	ARIQUE	2026-02-06	f	\N	72	\N	casada	1951-05-07	PGU	\N	\N	\N	\N	2026-02-23 11:59:36.590042-03	f
134	4.166.411-8	RAMÓN	MANQUEL CUMIAN	LOS PELLINES	2026-02-06	f	\N	85	media_incompleta	casado	1937-12-12	PGU	\N	\N	\N	propietario	2026-02-23 11:59:36.733993-03	t
57	9.540.108-2	NIBIA BEATRIZ	CARRILLO GACITÚA	LOS PELLINES	2026-02-06	f	\N	65	media_completa	casada	1958-04-16	PENSIÓN INVALIDEZ	\N	\N	\N	propietario	2026-02-23 11:59:36.776811-03	t
87	11.704.702-4	HILDA ETELVINA	FLORES MUÑOZ	LOMAS DEL SOL	2026-02-06	f	\N	52	basica_incompleta	casada	1971-06-05	PREDIALES CABRÓN	\N	\N	968071847	propietario	2026-02-23 11:59:36.839537-03	t
36	5.777.882-2	RAMÓN CLAUDIO	BAEZA HENRÍQUEZ	PUNUCAPA	2026-02-06	f	\N	77	media_completa	casado	1946-07-22	PREDIALES, EXONERADO POLÍTICO, JUBILACIÓN ANTICIPADA	\N	\N	\N	propietario	2026-02-23 11:59:36.983619-03	t
96	6.211.479-7	VERÓNICA DEL CARMEN	GALLARDO PÉREZ DE ARCE	PITRACO	2026-02-06	f	\N	73	\N	soltera	1950-07-17	PGU	\N	\N	\N	propietario	2026-02-23 11:59:37.175502-03	t
232	3.327.303-7	REINALDO	VERA CARRASCO	PUNUCAPA	2026-02-06	f	\N	87	\N	divorciado	1936-01-10	PGU	\N	\N	\N	propietario	2026-02-23 11:59:37.212136-03	t
155	8.758.507-7	PABLO ELIECER	MUÑOZ LEMARIE	LOS GUINDOS	2026-02-06	f	\N	62	media_completa	soltero	1961-06-22	PREDIALES, PGU	\N	\N	\N	propietario	2026-02-23 11:59:37.366179-03	t
183	10.893.605-3	ERWIN ORLANDO	PEÑA GONZÁLEZ	CHANCOYAN	2026-02-06	f	\N	57	\N	casado	1966-02-13	PREDIALES	\N	\N	\N	\N	2026-02-23 11:59:37.408387-03	f
181	12.746.559-2	SERGIO GASTÓN	PEÑA GONZÁLEZ	CHANCOYÁN	2026-02-06	f	\N	56	media_completa	casado	1967-08-25	TRABAJA INDEPENDIENTE	\N	\N	\N	propietario	2026-02-23 11:59:37.526842-03	t
236	10.288.028-5	HERNÁN ALIRO	VILLANUEVA ALARCÓN	TAMBILLO	2026-02-06	f	\N	57	media_incompleta	soltero	1966-03-15	SUELDO INDEPENDIENTE	\N	\N	\N	\N	2026-02-23 11:59:37.662948-03	f
84	5.262.573-4	RICARDO	FLÁNDEZ SALINAS	TAMBILLO	2026-02-06	f	\N	80	\N	casado	1943-08-10	PGU	\N	\N	\N	propietario	2026-02-23 11:59:37.70655-03	t
126	15.530.924-5	IRENE MARGOT	LOVERA FLÁNDEZ	CHOROCAMAYO	2026-02-06	f	\N	44	\N	soltera	1979-08-15	PREDIALES	\N	\N	\N	\N	2026-02-23 11:59:37.794358-03	f
125	11.705.041-6	MYRIAM HAYDÉE	LOVERA AYALA	EL ARENAL	2026-02-06	f	\N	51	\N	casada	1971-09-24	SUELDO	\N	\N	\N	propietario	2026-02-23 11:59:37.871706-03	t
190	7.275.975-3	NANCY LEONOR	RAIL VEGA	QUITAQUI	2026-02-06	f	\N	65	media_completa	casada	1957-11-27	SOLICITÓ PGU	\N	\N	\N	propietario	2026-02-23 11:59:37.953927-03	t
80	15.422.301-0	ALEXIS ARIEL	FIGUEROA MUÑOZ	CURIÑANCO	2026-02-06	f	\N	41	\N	casado	1982-06-24	SUF	\N	\N	\N	propietario	2026-02-23 11:59:38.065641-03	t
98	12.748.649-2	VERÓNICA DEL CARMEN	GARCÍA VALENZUELA	STO. DOMINGO/LOMAS DEL SOL	2026-02-06	f	\N	48	\N	casada	1974-10-13	\N	\N	\N	\N	propietario	2026-02-23 11:59:38.180538-03	t
69	7.246.371-4	ESTER VERÓNICA	DEL RÍO ANDRADE	CURIÑANCO	2026-02-06	f	\N	71	\N	casada	1952-06-09	APORTE SOLIDARIO VEJEZ	\N	\N	\N	propietario	2026-02-23 11:59:38.22358-03	t
157	9.950.826-4	MIRTA MARGOT	NAVARRO LARA	CHANCOYÁN	2026-02-06	f	\N	64	media_completa	soltera	1959-01-02	PENSIÓN INVALIDEZ	\N	\N	\N	propietario	2026-02-23 11:59:38.300372-03	t
217	15.530.650-5	MIGUEL ANGEL JAVIER	SOBARZO SOBARZO	CATRIPULLI	2026-02-06	f	\N	52	\N	soltero	1970-09-18	PREDIALES	\N	\N	\N	\N	2026-02-23 11:59:38.380641-03	f
146	13.671.954-8	LETICIA NORMA VIVIANA	MIRANDA CORDERO	CHINCUÍN	2026-02-06	f	\N	44	\N	soltera	1979-08-11	PENSIÓN ALIMENTOS HIJO	\N	\N	\N	propietario	2026-02-23 11:59:38.539647-03	t
68	11.305.479-4	INÉS HAYDÉE	CURIMILLA LEPE	CHINCUÍN	2026-02-06	f	\N	54	media_completa	casada	1969-08-18	TRABAJOS ESPORÁDICOS	\N	\N	\N	\N	2026-02-23 11:59:38.576827-03	f
59	6.405.991-2	ELSA DEL ROSARIO	CASTRO SÁNCHEZ	HUELLELHUE	2026-02-06	f	\N	75	media_incompleta	casada	1948-05-10	JUBILACIÓN Y PGU	\N	\N	\N	\N	2026-02-23 11:59:38.616391-03	f
4	8.469.973-K	MAURICIO DAVID	ABURTO CLASING	PISHUINCO CHICO	2026-02-06	f	\N	62	\N	soltero	1960-10-07	PREDIALES	\N	\N	\N	propietario	2026-02-23 11:59:38.826383-03	t
167	8.521.442-K	INÉS ROSARIO	OJEDA MUÑOZ	LOS GUINDOS	2026-02-06	f	\N	63	\N	soltera	1959-09-16	\N	\N	\N	\N	propietario	2026-02-23 11:59:38.941656-03	t
44	9.851.874-6	IRIS DEL CARMEN	BUSTAMANTE PRIETO	PUNUCAPA	2026-02-06	f	\N	63	media_completa	soltera	1960-08-06	JUBILADA, PGU, PAREJA RENTA VITALICIA	\N	\N	\N	propietario	2026-02-23 11:59:38.975194-03	\N
\.


--
-- Data for Name: app_hogar; Type: TABLE DATA; Schema: public; Owner: postgres
--

COPY public.app_hogar (id, fecha_registro, luz, agua, rol, created_at, updated_at, persona_principal_id) FROM stdin;
1	2026-02-23	t	\N	\N	2026-02-23 11:59:33.101623-03	2026-02-23 11:59:33.10164-03	30
2	2026-02-23	\N	\N	\N	2026-02-23 11:59:33.148955-03	2026-02-23 11:59:33.148967-03	65
3	2026-02-23	t	\N	2419-57	2026-02-23 11:59:33.178935-03	2026-02-23 11:59:33.178946-03	49
4	2026-02-23	t	\N	\N	2026-02-23 11:59:33.218747-03	2026-02-23 11:59:33.218757-03	86
5	2026-02-23	f	\N	\N	2026-02-23 11:59:33.245246-03	2026-02-23 11:59:33.245256-03	226
6	2026-02-23	f	\N	2413-4	2026-02-23 11:59:33.276135-03	2026-02-23 11:59:33.276145-03	154
8	2026-02-23	f	\N	2414-36	2026-02-23 11:59:33.38804-03	2026-02-23 11:59:33.388104-03	72
9	2026-02-23	f	\N	2414-101	2026-02-23 11:59:33.417748-03	2026-02-23 11:59:33.417758-03	227
10	2026-02-23	f	\N	\N	2026-02-23 11:59:33.473894-03	2026-02-23 11:59:33.473908-03	89
11	2026-02-23	f	\N	\N	2026-02-23 11:59:33.503067-03	2026-02-23 11:59:33.503079-03	186
12	2026-02-23	f	\N	\N	2026-02-23 11:59:33.547043-03	2026-02-23 11:59:33.547054-03	71
13	2026-02-23	t	t	\N	2026-02-23 11:59:33.699493-03	2026-02-23 11:59:33.699504-03	117
14	2026-02-23	t	t	\N	2026-02-23 11:59:33.74646-03	2026-02-23 11:59:33.746477-03	161
15	2026-02-23	t	t	\N	2026-02-23 11:59:33.775191-03	2026-02-23 11:59:33.775203-03	16
16	2026-02-23	t	t	\N	2026-02-23 11:59:33.799268-03	2026-02-23 11:59:33.79928-03	162
17	2026-02-23	t	\N	2415-31	2026-02-23 11:59:33.829175-03	2026-02-23 11:59:33.829186-03	7
18	2026-02-23	f	f	\N	2026-02-23 11:59:33.863969-03	2026-02-23 11:59:33.863983-03	109
19	2026-02-23	t	\N	2425-18	2026-02-23 11:59:33.912617-03	2026-02-23 11:59:33.91263-03	24
20	2026-02-23	\N	\N	\N	2026-02-23 11:59:33.955895-03	2026-02-23 11:59:33.955914-03	208
21	2026-02-23	\N	\N	\N	2026-02-23 11:59:33.989673-03	2026-02-23 11:59:33.989686-03	210
22	2026-02-23	\N	\N	\N	2026-02-23 11:59:34.017737-03	2026-02-23 11:59:34.017756-03	205
23	2026-02-23	\N	\N	\N	2026-02-23 11:59:34.052885-03	2026-02-23 11:59:34.052899-03	13
24	2026-02-23	t	t	\N	2026-02-23 11:59:34.128201-03	2026-02-23 11:59:34.128222-03	104
25	2026-02-23	t	\N	\N	2026-02-23 11:59:34.20658-03	2026-02-23 11:59:34.206609-03	158
26	2026-02-23	t	\N	\N	2026-02-23 11:59:34.26197-03	2026-02-23 11:59:34.261998-03	97
27	2026-02-23	t	\N	\N	2026-02-23 11:59:34.320591-03	2026-02-23 11:59:34.320609-03	116
28	2026-02-23	t	\N	\N	2026-02-23 11:59:34.370491-03	2026-02-23 11:59:34.370513-03	228
29	2026-02-23	t	\N	\N	2026-02-23 11:59:34.422439-03	2026-02-23 11:59:34.42246-03	41
30	2026-02-23	t	\N	\N	2026-02-23 11:59:34.516413-03	2026-02-23 11:59:34.51644-03	211
31	2026-02-23	t	\N	\N	2026-02-23 11:59:34.577279-03	2026-02-23 11:59:34.577304-03	128
32	2026-02-23	f	\N	\N	2026-02-23 11:59:34.674787-03	2026-02-23 11:59:34.674815-03	153
33	2026-02-23	f	\N	2413-29	2026-02-23 11:59:34.740001-03	2026-02-23 11:59:34.740027-03	174
34	2026-02-23	t	\N	\N	2026-02-23 11:59:34.885872-03	2026-02-23 11:59:34.885886-03	9
35	2026-02-23	t	\N	\N	2026-02-23 11:59:34.957748-03	2026-02-23 11:59:34.957769-03	130
36	2026-02-23	t	\N	\N	2026-02-23 11:59:35.014812-03	2026-02-23 11:59:35.014838-03	60
37	2026-02-23	t	t	\N	2026-02-23 11:59:35.066425-03	2026-02-23 11:59:35.066443-03	243
38	2026-02-23	t	\N	\N	2026-02-23 11:59:35.116898-03	2026-02-23 11:59:35.116918-03	119
39	2026-02-23	t	\N	\N	2026-02-23 11:59:35.164619-03	2026-02-23 11:59:35.164651-03	118
40	2026-02-23	\N	\N	\N	2026-02-23 11:59:35.244279-03	2026-02-23 11:59:35.244305-03	42
41	2026-02-23	\N	\N	\N	2026-02-23 11:59:35.300738-03	2026-02-23 11:59:35.300752-03	83
42	2026-02-23	\N	\N	\N	2026-02-23 11:59:35.361921-03	2026-02-23 11:59:35.361945-03	81
43	2026-02-23	\N	\N	\N	2026-02-23 11:59:35.408229-03	2026-02-23 11:59:35.408247-03	82
44	2026-02-23	t	\N	\N	2026-02-23 11:59:35.450931-03	2026-02-23 11:59:35.45095-03	114
45	2026-02-23	t	\N	\N	2026-02-23 11:59:35.51715-03	2026-02-23 11:59:35.517163-03	62
46	2026-02-23	t	\N	\N	2026-02-23 11:59:35.551486-03	2026-02-23 11:59:35.551505-03	67
47	2026-02-23	t	\N	\N	2026-02-23 11:59:35.589366-03	2026-02-23 11:59:35.589382-03	202
48	2026-02-23	t	\N	\N	2026-02-23 11:59:35.626016-03	2026-02-23 11:59:35.626031-03	221
49	2026-02-23	t	\N	\N	2026-02-23 11:59:35.663453-03	2026-02-23 11:59:35.663477-03	198
50	2026-02-23	t	\N	\N	2026-02-23 11:59:35.738087-03	2026-02-23 11:59:35.738116-03	156
51	2026-02-23	t	\N	2438-252	2026-02-23 11:59:35.782465-03	2026-02-23 11:59:35.782481-03	51
52	2026-02-23	t	\N	\N	2026-02-23 11:59:35.819907-03	2026-02-23 11:59:35.819951-03	3
53	2026-02-23	t	\N	2419-168	2026-02-23 11:59:35.867125-03	2026-02-23 11:59:35.867146-03	219
54	2026-02-23	t	\N	2419-60	2026-02-23 11:59:35.921165-03	2026-02-23 11:59:35.921181-03	216
55	2026-02-23	t	\N	\N	2026-02-23 11:59:35.974115-03	2026-02-23 11:59:35.974167-03	189
56	2026-02-23	t	\N	\N	2026-02-23 11:59:36.007673-03	2026-02-23 11:59:36.007693-03	173
57	2026-02-23	t	\N	551-227	2026-02-23 11:59:36.043585-03	2026-02-23 11:59:36.043597-03	90
58	2026-02-23	t	\N	\N	2026-02-23 11:59:36.08025-03	2026-02-23 11:59:36.080272-03	34
59	2026-02-23	t	\N	\N	2026-02-23 11:59:36.119064-03	2026-02-23 11:59:36.119084-03	103
60	2026-02-23	t	\N	\N	2026-02-23 11:59:36.158583-03	2026-02-23 11:59:36.158604-03	151
61	2026-02-23	t	\N	\N	2026-02-23 11:59:36.196071-03	2026-02-23 11:59:36.196091-03	184
62	2026-02-23	t	\N	\N	2026-02-23 11:59:36.237686-03	2026-02-23 11:59:36.237699-03	238
63	2026-02-23	t	\N	\N	2026-02-23 11:59:36.283241-03	2026-02-23 11:59:36.283263-03	237
64	2026-02-23	t	\N	\N	2026-02-23 11:59:36.342241-03	2026-02-23 11:59:36.342267-03	137
65	2026-02-23	t	\N	\N	2026-02-23 11:59:36.38978-03	2026-02-23 11:59:36.389805-03	159
66	2026-02-23	t	\N	\N	2026-02-23 11:59:36.432673-03	2026-02-23 11:59:36.432691-03	215
67	2026-02-23	t	\N	\N	2026-02-23 11:59:36.473662-03	2026-02-23 11:59:36.473685-03	136
68	2026-02-23	\N	\N	\N	2026-02-23 11:59:36.517008-03	2026-02-23 11:59:36.517027-03	56
69	2026-02-23	\N	\N	\N	2026-02-23 11:59:36.552359-03	2026-02-23 11:59:36.55238-03	12
70	2026-02-23	\N	\N	\N	2026-02-23 11:59:36.595364-03	2026-02-23 11:59:36.595382-03	120
71	2026-02-23	t	\N	\N	2026-02-23 11:59:36.639416-03	2026-02-23 11:59:36.639435-03	93
72	2026-02-23	\N	\N	\N	2026-02-23 11:59:36.680281-03	2026-02-23 11:59:36.68031-03	70
73	2026-02-23	t	\N	\N	2026-02-23 11:59:36.7399-03	2026-02-23 11:59:36.739927-03	134
74	2026-02-23	\N	\N	\N	2026-02-23 11:59:36.781345-03	2026-02-23 11:59:36.781364-03	57
7	2026-02-23	f	\N	\N	2026-02-23 11:59:33.344947-03	2026-02-23 11:59:36.844252-03	87
75	2026-02-23	t	\N	\N	2026-02-23 11:59:36.871822-03	2026-02-23 11:59:36.871841-03	23
76	2026-02-23	t	\N	\N	2026-02-23 11:59:36.908353-03	2026-02-23 11:59:36.90838-03	179
77	2026-02-23	t	\N	\N	2026-02-23 11:59:36.948045-03	2026-02-23 11:59:36.948062-03	91
78	2026-02-23	t	\N	\N	2026-02-23 11:59:36.99098-03	2026-02-23 11:59:36.990998-03	36
79	2026-02-23	t	\N	\N	2026-02-23 11:59:37.050152-03	2026-02-23 11:59:37.050171-03	223
80	2026-02-23	t	\N	\N	2026-02-23 11:59:37.090819-03	2026-02-23 11:59:37.090838-03	63
81	2026-02-23	t	\N	\N	2026-02-23 11:59:37.144465-03	2026-02-23 11:59:37.144477-03	196
82	2026-02-23	t	\N	\N	2026-02-23 11:59:37.180184-03	2026-02-23 11:59:37.180202-03	96
83	2026-02-23	t	\N	\N	2026-02-23 11:59:37.216691-03	2026-02-23 11:59:37.21671-03	232
84	2026-02-23	t	\N	\N	2026-02-23 11:59:37.257952-03	2026-02-23 11:59:37.257973-03	220
85	2026-02-23	t	\N	\N	2026-02-23 11:59:37.297144-03	2026-02-23 11:59:37.297164-03	123
86	2026-02-23	t	\N	\N	2026-02-23 11:59:37.334044-03	2026-02-23 11:59:37.334057-03	218
87	2026-02-23	t	\N	\N	2026-02-23 11:59:37.371263-03	2026-02-23 11:59:37.371282-03	155
88	2026-02-23	t	\N	\N	2026-02-23 11:59:37.412609-03	2026-02-23 11:59:37.412628-03	183
89	2026-02-23	t	\N	\N	2026-02-23 11:59:37.453239-03	2026-02-23 11:59:37.453258-03	182
90	2026-02-23	t	\N	\N	2026-02-23 11:59:37.49601-03	2026-02-23 11:59:37.496042-03	95
91	2026-02-23	t	\N	\N	2026-02-23 11:59:37.531478-03	2026-02-23 11:59:37.531497-03	181
92	2026-02-23	t	\N	\N	2026-02-23 11:59:37.580687-03	2026-02-23 11:59:37.580706-03	113
93	2026-02-23	t	\N	\N	2026-02-23 11:59:37.616055-03	2026-02-23 11:59:37.616072-03	240
94	2026-02-23	t	\N	\N	2026-02-23 11:59:37.667212-03	2026-02-23 11:59:37.667311-03	236
95	2026-02-23	t	\N	\N	2026-02-23 11:59:37.711039-03	2026-02-23 11:59:37.711057-03	84
96	2026-02-23	t	\N	\N	2026-02-23 11:59:37.760914-03	2026-02-23 11:59:37.760935-03	235
97	2026-02-23	t	\N	\N	2026-02-23 11:59:37.799098-03	2026-02-23 11:59:37.799114-03	126
98	2026-02-23	t	\N	\N	2026-02-23 11:59:37.840552-03	2026-02-23 11:59:37.840571-03	124
99	2026-02-23	t	\N	\N	2026-02-23 11:59:37.877985-03	2026-02-23 11:59:37.877997-03	125
100	2026-02-23	t	\N	\N	2026-02-23 11:59:37.923075-03	2026-02-23 11:59:37.923089-03	207
101	2026-02-23	t	\N	\N	2026-02-23 11:59:37.957069-03	2026-02-23 11:59:37.95708-03	190
102	2026-02-23	f	\N	\N	2026-02-23 11:59:38.000719-03	2026-02-23 11:59:38.000732-03	2
103	2026-02-23	t	\N	\N	2026-02-23 11:59:38.035688-03	2026-02-23 11:59:38.035705-03	17
104	2026-02-23	t	\N	\N	2026-02-23 11:59:38.070037-03	2026-02-23 11:59:38.070054-03	80
105	2026-02-23	t	\N	\N	2026-02-23 11:59:38.11396-03	2026-02-23 11:59:38.113978-03	75
106	2026-02-23	t	\N	\N	2026-02-23 11:59:38.148973-03	2026-02-23 11:59:38.148984-03	18
107	2026-02-23	t	\N	\N	2026-02-23 11:59:38.185484-03	2026-02-23 11:59:38.185508-03	98
108	2026-02-23	t	\N	\N	2026-02-23 11:59:38.228472-03	2026-02-23 11:59:38.228486-03	69
109	2026-02-23	t	\N	\N	2026-02-23 11:59:38.268257-03	2026-02-23 11:59:38.268276-03	160
110	2026-02-23	t	\N	\N	2026-02-23 11:59:38.305221-03	2026-02-23 11:59:38.305233-03	157
111	2026-02-23	t	\N	\N	2026-02-23 11:59:38.350348-03	2026-02-23 11:59:38.35036-03	177
112	2026-02-23	t	\N	\N	2026-02-23 11:59:38.385355-03	2026-02-23 11:59:38.385374-03	217
113	2026-02-23	t	\N	\N	2026-02-23 11:59:38.422561-03	2026-02-23 11:59:38.422585-03	64
114	2026-02-23	t	\N	\N	2026-02-23 11:59:38.464388-03	2026-02-23 11:59:38.464414-03	170
115	2026-02-23	t	\N	\N	2026-02-23 11:59:38.508641-03	2026-02-23 11:59:38.508659-03	150
116	2026-02-23	t	\N	\N	2026-02-23 11:59:38.545115-03	2026-02-23 11:59:38.545134-03	146
117	2026-02-23	t	\N	\N	2026-02-23 11:59:38.58052-03	2026-02-23 11:59:38.580532-03	68
118	2026-02-23	t	\N	\N	2026-02-23 11:59:38.620423-03	2026-02-23 11:59:38.620441-03	59
119	2026-02-23	t	\N	\N	2026-02-23 11:59:38.652582-03	2026-02-23 11:59:38.652597-03	194
120	2026-02-23	t	\N	\N	2026-02-23 11:59:38.688873-03	2026-02-23 11:59:38.688891-03	107
121	2026-02-23	t	\N	\N	2026-02-23 11:59:38.722687-03	2026-02-23 11:59:38.722698-03	132
122	2026-02-23	t	\N	\N	2026-02-23 11:59:38.756406-03	2026-02-23 11:59:38.756418-03	77
123	2026-02-23	t	\N	\N	2026-02-23 11:59:38.793457-03	2026-02-23 11:59:38.793471-03	20
124	2026-02-23	t	\N	\N	2026-02-23 11:59:38.830615-03	2026-02-23 11:59:38.830633-03	4
125	2026-02-23	t	\N	\N	2026-02-23 11:59:38.870097-03	2026-02-23 11:59:38.870115-03	8
126	2026-02-23	t	\N	\N	2026-02-23 11:59:38.906195-03	2026-02-23 11:59:38.906268-03	193
127	2026-02-23	t	\N	\N	2026-02-23 11:59:38.945806-03	2026-02-23 11:59:38.945847-03	167
128	2026-02-23	t	\N	\N	2026-02-23 11:59:38.980192-03	2026-02-23 11:59:38.980204-03	44
129	2026-02-23	t	\N	\N	2026-02-23 11:59:39.020098-03	2026-02-23 11:59:39.020112-03	43
\.


--
-- Data for Name: app_informacionsalud; Type: TABLE DATA; Schema: public; Owner: postgres
--

COPY public.app_informacionsalud (id, enfermedad, toma_medicamentos, medicamentos, controles_medicos, created_at, updated_at, persona_id) FROM stdin;
1	ARTROSIS	\N	SI TOMA	RONDA MEDICA	2026-02-23 11:59:33.109004-03	2026-02-23 11:59:33.111396-03	30
2	\N	\N	\N	SABAT	2026-02-23 11:59:33.153254-03	2026-02-23 11:59:33.155182-03	65
3	\N	\N	\N	\N	2026-02-23 11:59:33.183235-03	2026-02-23 11:59:33.185189-03	49
4	\N	\N	\N	\N	2026-02-23 11:59:33.221451-03	2026-02-23 11:59:33.224046-03	86
5	\N	\N	\N	\N	2026-02-23 11:59:33.247539-03	2026-02-23 11:59:33.248594-03	226
6	HIPERTENSION, OPERADO CADERA	\N	\N	\N	2026-02-23 11:59:33.278986-03	2026-02-23 11:59:33.280426-03	154
8	ARTROSIS, HIPERTENSION, DIABETES	\N	\N	RONDA MEDICA	2026-02-23 11:59:33.392526-03	2026-02-23 11:59:33.395309-03	72
9	\N	\N	\N	\N	2026-02-23 11:59:33.419864-03	2026-02-23 11:59:33.420869-03	227
10	ARTROSIS, HIPERTENSION	\N	SI TOMA	RONDA MEDICA	2026-02-23 11:59:33.477166-03	2026-02-23 11:59:33.478705-03	89
11	DIABETES	\N	INYECCIÓN INSULINA	RONDA MEDICA	2026-02-23 11:59:33.506499-03	2026-02-23 11:59:33.508067-03	186
12	\N	\N	\N	\N	2026-02-23 11:59:33.550308-03	2026-02-23 11:59:33.551686-03	71
13	HIPOTIROIDISMO (ELLA Y SU HIJA), HIPERTENSIÓN	\N	SI TOMA	POSTA CAYUMAPU	2026-02-23 11:59:33.702476-03	2026-02-23 11:59:33.704206-03	117
14	HIPERTENSIÓN (OLGA)	\N	\N	CORRAL	2026-02-23 11:59:33.749522-03	2026-02-23 11:59:33.751312-03	161
15	HIPERTENSIÓN, COLESTEROL ALTO, DEPRESIÓN	\N	SI TOMA	POSTA CAYUMAPU	2026-02-23 11:59:33.77834-03	2026-02-23 11:59:33.779782-03	16
16	HIPERTENSIÓN, ROSACEA	\N	SI TOMA	POSTA CAYUMAPU	2026-02-23 11:59:33.802507-03	2026-02-23 11:59:33.804388-03	162
17	DIABETES, HIPERTENSIÓN, ARTROSIS	\N	SI TOMA	ANGACHILLA	2026-02-23 11:59:33.833545-03	2026-02-23 11:59:33.836232-03	7
18	ASMA (PAREJA)	\N	INHALADOR CUANDO NECESITA	SABAT (NO ASISTE)	2026-02-23 11:59:33.867875-03	2026-02-23 11:59:33.869914-03	109
19	ASMA, DIABETES, HIPERTENSIÓN, HIPOTIROIDISMO	\N	SI TOMA	SABAT, RONDA MEDICA	2026-02-23 11:59:33.916603-03	2026-02-23 11:59:33.919286-03	24
20	HIPERTENSIÓN	\N	\N	LAS ANIMAS (NO TIENE CONTROLES AL DIA)	2026-02-23 11:59:33.961335-03	2026-02-23 11:59:33.964103-03	208
21	NO	\N	\N	LAS ANIMAS	2026-02-23 11:59:33.993464-03	2026-02-23 11:59:33.99542-03	210
22	\N	\N	\N	NO TIENE CONTROLES AL DIA	2026-02-23 11:59:34.02317-03	2026-02-23 11:59:34.024914-03	205
23	HIJO GENERA MUCHAS BRONQUITIS, ERA CRÓNICO PERO LO SACARON	\N	\N	LAS ANIMAS	2026-02-23 11:59:34.057039-03	2026-02-23 11:59:34.059416-03	13
24	INFARTO CEREBRAL, ARTROSIS, SACARON RIÑON (ESPOSO). HIPERTENSIÓN (ELLA)	\N	SI TOMAN	POSTA CAYUMAPU	2026-02-23 11:59:34.134598-03	2026-02-23 11:59:34.137642-03	104
25	\N	\N	NO TOMA	NO TIENE CONTROLES AL DIA	2026-02-23 11:59:34.213316-03	2026-02-23 11:59:34.217144-03	158
26	HIPERTENSIÓN	\N	SI TOMA	LAS ANIMAS	2026-02-23 11:59:34.269087-03	2026-02-23 11:59:34.272884-03	97
27	HIPERTENSIÓN, PRINCIPIO DIABETES, COLESTEROL (ESPOSO)	\N	SI TOMA	CONTROLES AL DIA, POSTA CAYUMAPU	2026-02-23 11:59:34.326257-03	2026-02-23 11:59:34.329086-03	116
28	PRESIÓN ALTA, LEUCOMA EN OJO IZQUIERDO	\N	SI TOMA	CONTROLES AL DIA, JORGE SABAT	2026-02-23 11:59:34.375285-03	2026-02-23 11:59:34.377615-03	228
29	EN TRATAMIENTO POR DOLOR EN PIERNAS, ESCASA MOVILIDAD, PROBLEMAS AL CORAZÓN	\N	\N	HOSPITAL REGIONAL, RONDA MÉDICA	2026-02-23 11:59:34.428285-03	2026-02-23 11:59:34.431845-03	41
30	ARTRITIS (PAREJA), HIPERTENSIÓN, PROSTATA (EL)	\N	SI TOMAN	HOSPITAL, CONTROLES AL DIA	2026-02-23 11:59:34.5247-03	2026-02-23 11:59:34.528379-03	211
31	ARTROSIS, HIPERTENSION, COLESTEROL	\N	SI TOMAN	POSTA COLLICO Y HOSPITAL, CONTROLES AL DIA	2026-02-23 11:59:34.583359-03	2026-02-23 11:59:34.587664-03	128
32	\N	\N	\N	\N	2026-02-23 11:59:34.681647-03	2026-02-23 11:59:34.685846-03	153
33	DIABETES (SE INYECTA), VISIÓN (ESPERA OPERACIÓN)	\N	\N	RONDA MÉDICA	2026-02-23 11:59:34.757534-03	2026-02-23 11:59:34.768435-03	174
34	\N	\N	\N	\N	2026-02-23 11:59:34.892018-03	2026-02-23 11:59:34.894546-03	9
35	HIPERTENSIÓN, DEPRESIÓN, FRACTURA MUÑECA	\N	\N	LAS ANIMAS	2026-02-23 11:59:34.964618-03	2026-02-23 11:59:34.969214-03	130
36	HIPERTENSIÓN, ARTROSIS, GASTRITIS	\N	SI TOMA	LAS ANIMAS	2026-02-23 11:59:35.02166-03	2026-02-23 11:59:35.025046-03	60
37	CANCER PROSTATA (ESPOSO), ARTROSIS PIERNA IZQ. (ELLA)	\N	SI TOMA	LAS ANIMAS, HOSPITAL	2026-02-23 11:59:35.072271-03	2026-02-23 11:59:35.075305-03	243
38	PRESION ALTA	\N	\N	RONDA MEDICA EN CASA	2026-02-23 11:59:35.122778-03	2026-02-23 11:59:35.125871-03	119
39	ARTROSIS, PRESION ALTA, COLESTEROL	\N	SI TOMA	SABAT, HOSPITAL, RONDA MÉDICA EN CASA	2026-02-23 11:59:35.169962-03	2026-02-23 11:59:35.174978-03	118
40	HIPERTENSIÓN (MAMÁ)	\N	\N	TIENE HORA PENDIENTE EN HOSPITAL	2026-02-23 11:59:35.25194-03	2026-02-23 11:59:35.255945-03	42
41	\N	\N	\N	\N	2026-02-23 11:59:35.305445-03	2026-02-23 11:59:35.308577-03	83
42	\N	\N	\N	CONTROLES AL DIA	2026-02-23 11:59:35.367347-03	2026-02-23 11:59:35.370712-03	81
43	\N	\N	\N	NO VA A CONTROLES MEDICOS	2026-02-23 11:59:35.413971-03	2026-02-23 11:59:35.417083-03	82
44	AMBOS (MATRIMONIO)	\N	SI TOMAN, CONTROLES AL DIA	POSTA SABAT, HOSPITAL	2026-02-23 11:59:35.455735-03	2026-02-23 11:59:35.457781-03	114
45	NO	\N	\N	\N	2026-02-23 11:59:35.521155-03	2026-02-23 11:59:35.5234-03	62
46	AMBOS	\N	SI TOMAN, CONTROLES AL DIA	RONDA MÉDICA, HOSPITAL, POSTA	2026-02-23 11:59:35.556042-03	2026-02-23 11:59:35.558665-03	67
47	AMBOS	\N	SI TOMAN	LAS ÁNIMAS	2026-02-23 11:59:35.593952-03	2026-02-23 11:59:35.596449-03	202
48	TIROIDES, COLESTEROL	\N	SI TOMA	CONTROLES AL DIA	2026-02-23 11:59:35.630233-03	2026-02-23 11:59:35.632675-03	221
49	\N	\N	\N	\N	2026-02-23 11:59:35.668302-03	2026-02-23 11:59:35.670479-03	198
50	ARTROSIS, HIPOTIROIDISMO, DIABETES, INSUFICIENCIA (ELLA). ARTROSIS (EL	\N	SI TOMAN	CESFAM NIEBLA, KINESIOLOGIA HOSPITAL, TODO A DOMICILIO	2026-02-23 11:59:35.74295-03	2026-02-23 11:59:35.745758-03	156
51	\N	\N	\N	\N	2026-02-23 11:59:35.787463-03	2026-02-23 11:59:35.789553-03	51
52	ARTROSIS, HIPERTENSIÓN. PANCREAS, HIGADO, RIÑON, PULMÓN, CORAZON.	\N	SI TOMAN, CONTROLES AL DIA	CESFAM FRANCIA	2026-02-23 11:59:35.824495-03	2026-02-23 11:59:35.827548-03	3
53	HIPERTENSION, DIABETES (EL), HIPERTENSION (ELLA)	\N	SI TOMAN, CONTROLES AL DIA	RONDA MÉDICA, SABAT	2026-02-23 11:59:35.871674-03	2026-02-23 11:59:35.87411-03	219
54	HIPOTIROIDISMO, HIPERTENSIÓN, COLESTEROL (EL). ARTROSIS, ANEMIA, HIPERTENSIÓN, COLESTEROL (ESPOSA)	\N	SI TOMAN, CONTROLES AL DIA	RONDA MÉDICA	2026-02-23 11:59:35.926449-03	2026-02-23 11:59:35.928502-03	216
55	ARTROSIS, DIABETES, HIPERTENSIÓN, COLESTEROL (ELLA). MACROSITOSIS, EN ESTUDIO PLAQUETAS, COLESTEROL, PRESIÓN ALTA (EL)	\N	SI TOMAN	CESFAM NIEBLA, HOSPITAL (DERIVADO A CLINICA COSTANERA)	2026-02-23 11:59:35.977783-03	2026-02-23 11:59:35.980211-03	189
56	POSIBLE DIAGNOSTICO DIABETES, BAJA PRESIÓN	\N	\N	POSTA CAYUMAPU	2026-02-23 11:59:36.01257-03	2026-02-23 11:59:36.014863-03	173
57	HIPERTENSIÓN AMBOS, DIABETES ELLA, ARTROSIS EL	\N	AMBOS TOMAN	JORGE SABAT/RONDA MEDICA	2026-02-23 11:59:36.047042-03	2026-02-23 11:59:36.049595-03	90
58	DIABETES, HIPERTENSIÓN (don Manuel), HIPOTIROIDISMO (sra. Paty)	\N	SI TOMAN, CONTROLES AL DIA	POSTA CAYUMAPU	2026-02-23 11:59:36.086743-03	2026-02-23 11:59:36.089407-03	34
59	Ella: ARTROSIS AGUDA (en lista de espera operación), EN ESPERA PARA CARDIOLOGO (en tratamiento momentáneo). Esposo: ANEMIA AGUDA, PRESIÓN ALTA, EN ESPERA DE BIOPSIA	\N	SI TOMAN, CONTROLES AL DIA	POSTA CAYUMAPU, HOSPITAL, CLINICA COSTANERA	2026-02-23 11:59:36.123075-03	2026-02-23 11:59:36.125652-03	103
60	HIPERTENSIÓN	\N	SI TOMAN, CONTROLES AL DIA	POSTA CAYUMAPU	2026-02-23 11:59:36.163355-03	2026-02-23 11:59:36.165988-03	151
61	DIABETES, HIPERTENSIÓN , COLESTEROL ALTO	\N	SI TOMAN, CONTROLES AL DIA	CESFAM HOSPITAL CORRAL	2026-02-23 11:59:36.20094-03	2026-02-23 11:59:36.203661-03	184
62	NO	\N	CONTROLES AL DÍA SRA. SILVIA	CESFAM JORGE SABAT	2026-02-23 11:59:36.241668-03	2026-02-23 11:59:36.244809-03	238
63	ESPERA ATENCIÓN POR ANEURISMA (DON NICO)	\N	ESPERA ATENCIÓN POR ANEURISMA	\N	2026-02-23 11:59:36.289924-03	2026-02-23 11:59:36.292809-03	237
64	OIDO MEDIO	\N	TOMA POR PRESIÓN BAJA	\N	2026-02-23 11:59:36.347795-03	2026-02-23 11:59:36.350836-03	137
7	HIPERTENSIÓN, ANEURISMA (ELLA), CORAZÓN E HIPERTENSIÓN (ÉL)	\N	SI TOMA	RONDA MEDICA	2026-02-23 11:59:33.347439-03	2026-02-23 11:59:36.848263-03	87
65	HIPERTENSIÓN (ELLA) E INFARTO PREVIO, PRESIÓN ALTA (ÉL)	\N	SI TOMAN AMBOS, CONTROLES AL DÍA	CESFAM LAS ÁNIMAS	2026-02-23 11:59:36.39514-03	2026-02-23 11:59:36.40004-03	159
66	ASMA, ARTROSIS	\N	SI TOMA (GES), CONTROLES AL DÍA	POSTA CAYUMAPU	2026-02-23 11:59:36.437408-03	2026-02-23 11:59:36.440018-03	215
67	DEPRESIÓN BIPOLAR	\N	SI TOMA, CONTROLES AL DÍA	CESAMCO-CESFAM LAS ANIMAS	2026-02-23 11:59:36.480008-03	2026-02-23 11:59:36.483215-03	136
68	ARTROSIS, DIABETES, HIPERTENSIÓN	\N	SI TOMA	RAMIS (ISAPRE)	2026-02-23 11:59:36.521945-03	2026-02-23 11:59:36.524552-03	56
69	NO	\N	\N	\N	2026-02-23 11:59:36.557929-03	2026-02-23 11:59:36.562209-03	12
70	DIALISIS, ESCOLIOSIS, CORAZÓN APRETADO	\N	SI TOMAN, CONTROLES AL DÍA	HOSPITAL POSTA ARIQUE	2026-02-23 11:59:36.600222-03	2026-02-23 11:59:36.603228-03	120
71	TIROIDES, ARTROSIS (ACCIDENTE CARDIOVASCULAR)	\N	SI TOMA, EUTIROX, ATORVASTATINA, ASPIRINA.	POSTA HOSPITAL 2 VECES AL AÑO	2026-02-23 11:59:36.645134-03	2026-02-23 11:59:36.647893-03	93
72	COLITIS ULCEROSA (AUTOINMUNE), LEY RICARTE SOTO	\N	SI TOMA, CONTROLES AL DÍA	CLÍNICA ALEMANA (ISAPRE)	2026-02-23 11:59:36.685046-03	2026-02-23 11:59:36.68767-03	70
73	HIPERTENSIÓN AMBOS	\N	SI TOMAN	RONDA MÉDICA	2026-02-23 11:59:36.745026-03	2026-02-23 11:59:36.747208-03	134
74	CADERAS, CINTURA, PIERNAS	\N	SIN DIAGNOSTICO, RONDA MEDICA POR COLESTEROL Y PRESIÓN	\N	2026-02-23 11:59:36.787393-03	2026-02-23 11:59:36.790824-03	57
75	ESCOLIOSIS DOBLE ROTADA, HIPERTENSIÓN (ELLA)	\N	SI TOMA, CONTROLES AL DÍA	POSTA	2026-02-23 11:59:36.87658-03	2026-02-23 11:59:36.878704-03	23
76	DIABETES, HIPERTENSIÓN	\N	SE INYECTA INSULINA	CESFAM JORGE SABAT	2026-02-23 11:59:36.913031-03	2026-02-23 11:59:36.915694-03	179
77	HIPERTENSIÓN, ANSIEDAD (ÉL)	\N	SI TOMA, LOSARTAN, HIDRODORTIZIDA, CLOTIAZEPAM	POSTA PUNUCAPA	2026-02-23 11:59:36.953101-03	2026-02-23 11:59:36.95566-03	91
78	ASMA ÉL, EPOSA SALUD MENTAL, CUÑADA ARTROSIS	\N	SI TOMAN, CONTROLES AL DÍA	POSTA PUNUCAPA	2026-02-23 11:59:36.995916-03	2026-02-23 11:59:36.998345-03	36
79	DIABETES	\N	NO TIENE CONTROLES AL DÍA	CESFAM NIEBLA	2026-02-23 11:59:37.055509-03	2026-02-23 11:59:37.058131-03	223
80	SU PAREJA ESTÁ QUEDANDO CIEGA	\N	SIN TRATAMIENTO	\N	2026-02-23 11:59:37.096099-03	2026-02-23 11:59:37.098233-03	63
81	FIBRIOMIALGIA, ARTROSIS (ELLA), HIPERTENSIÓN (ÉL)	\N	SÍ TOMAN, CONTROLES AL DÍA	\N	2026-02-23 11:59:37.148793-03	2026-02-23 11:59:37.151185-03	196
82	\N	\N	\N	\N	2026-02-23 11:59:37.185129-03	2026-02-23 11:59:37.188441-03	96
83	A LA ESPERA OPERACIÓN DEDOS MEÑIQUES.	\N	SI TOMA, CONTROLES AL DÍA	POSTA PUNUCAPA	2026-02-23 11:59:37.221928-03	2026-02-23 11:59:37.224585-03	232
84	PRESIÓN CRÓNICA, CÁNCER A LA PIEL (EL), COLESTEROL, PRE-DIABETES (ELLA)	\N	SI TOMA, CONTROL UNA VEZ AL MES	CLÍNICA SAN MATEO	2026-02-23 11:59:37.262743-03	2026-02-23 11:59:37.265201-03	220
85	DIABETES, ATROSIS, DEPRESIÓN	\N	SI TOMA, CONTROLES AL DÍA	RONDA MÉDICA VALDIVIA, AV. ITALIA CENTRO "VIDA"	2026-02-23 11:59:37.302242-03	2026-02-23 11:59:37.304825-03	123
86	HIPERTENSIÓN, DIABETES, ARTROSIS	\N	SI TOMA, CONTROLES AL DÍA	RONDA MÉDICA	2026-02-23 11:59:37.338459-03	2026-02-23 11:59:37.341374-03	218
87	COLESTEROL ALTO, PRESIÓN ALTA	\N	SI TOMA	POSTA VALDIVIA, RONDA MÉDICA	2026-02-23 11:59:37.375987-03	2026-02-23 11:59:37.378267-03	155
88	\N	\N	\N	CESFAM ANIMAS, SAR BARRIOS BAJOS	2026-02-23 11:59:37.417527-03	2026-02-23 11:59:37.419841-03	183
89	DIABETES, HIPERTENSIÓN, ARTROSIS	\N	SI TOMA, CONTROLES AL DÍA	JORGE SABAT, ÉL EN LAS ÁNIMAS	2026-02-23 11:59:37.457798-03	2026-02-23 11:59:37.460382-03	182
90	HIPERTENSIÓN	\N	SI TOMA, NO TIENE CONTROLES AL DÍA	JORGE SABAT	2026-02-23 11:59:37.500598-03	2026-02-23 11:59:37.502883-03	95
91	\N	\N	SIN CONTROLES AL DÍA	CESFAM LAS ÁNIMAS, POSTA CAYUMAPU	2026-02-23 11:59:37.536058-03	2026-02-23 11:59:37.538328-03	181
92	CARDIOVASCULAR, HIPERTENSIÓN, COLESTEROL ALTO	\N	CONTROLES AL DÍA	LAS ÁNIMAS	2026-02-23 11:59:37.585403-03	2026-02-23 11:59:37.587517-03	113
93	\N	\N	\N	\N	2026-02-23 11:59:37.620382-03	2026-02-23 11:59:37.62323-03	240
94	ÉL ACCIDENTES, LESIONES, ABUELO NO ESCUCHA, ELLA SOPLO AL CORAZÓN	\N	SIN CONTROLES AL DÍA	\N	2026-02-23 11:59:37.673079-03	2026-02-23 11:59:37.67612-03	236
95	DIABETES, HIPERTENSIÓN, GLAUCOMA (ÉL), ARTROSIS (ELLA)	\N	NO TOMA, CONTROLES AL DÍA (NO LE GUSTA TOMAR MEDICAMENTOS)	HOSPITAL LAS ÁNIMAS	2026-02-23 11:59:37.71563-03	2026-02-23 11:59:37.718197-03	84
96	DIFICULTAD OJO DERECHO	\N	NO TIENE CONTROLES AL DÍA	CESFAM LAS ANIMAS	2026-02-23 11:59:37.767069-03	2026-02-23 11:59:37.769754-03	235
97	\N	\N	NO TOMAN, CONTROLES AL DÍA	CLÍNICA COSTANERA, ANGACHILLA Y CESFAM LAS ANIMAS	2026-02-23 11:59:37.803769-03	2026-02-23 11:59:37.806623-03	126
98	DOLORES DE CABEZA	\N	SIN CONTROLES AL DÍA	CESFAM LAS ANIMAS	2026-02-23 11:59:37.845237-03	2026-02-23 11:59:37.848028-03	124
99	ESPOSO ALCOHÓLICO, ELLA ASMA, HIPERTENSIÓN, PREDIABETES, FARMACIA MUNICIPAL, HIJO DEPRESIÓN	\N	\N	\N	2026-02-23 11:59:37.882618-03	2026-02-23 11:59:37.886217-03	125
100	ACCIDENTE CEREBRO VASCULAR	\N	SIN CONTROLES AL DÍA	CESFAM JORGE SABAT	2026-02-23 11:59:37.927296-03	2026-02-23 11:59:37.929579-03	207
101	HIPERTENSIÓN, PREDIABETES (ELLA)	\N	CONTROLES AL DÍA	CESFAM JORGE SABAT	2026-02-23 11:59:37.960911-03	2026-02-23 11:59:37.963125-03	190
102	DIABETES	\N	CONTROLES AL DÍA	CESFAM LAS ÁNIMAS	2026-02-23 11:59:38.005419-03	2026-02-23 11:59:38.007669-03	2
103	HIPERTENSIÓN	\N	\N	\N	2026-02-23 11:59:38.039924-03	2026-02-23 11:59:38.042331-03	17
104	HIPERTENSIÓN	\N	TOMA MEDICAMENTOS, CONTROLES AL DÍA	CESFAM NIEBLA	2026-02-23 11:59:38.074376-03	2026-02-23 11:59:38.077689-03	80
105	HIPERTENSIÓN (ELLA), DIABETES, HIPERTENSIÓN (ÉL)	\N	TOMAN MEDICAMENTOS	CESFAM NIEBLA RONDA MÉDICA	2026-02-23 11:59:38.118056-03	2026-02-23 11:59:38.12049-03	75
106	MENOPAUSIA, DOLOR DE HUESOS, COLESTEROL ALTO	\N	CONTROLES AL DÍA	RONDA MÉDICA	2026-02-23 11:59:38.153264-03	2026-02-23 11:59:38.155451-03	18
107	TENDINITIS CRÓNICA, FIBRIOMIALGIA	\N	\N	\N	2026-02-23 11:59:38.189984-03	2026-02-23 11:59:38.192475-03	98
108	HIPOTIROIDISMO, ARTROSIS	\N	SI TOMA, EUTIROX	RED SALUD CADA 6 MESES	2026-02-23 11:59:38.233009-03	2026-02-23 11:59:38.235551-03	69
109	HIPERTENSIÓN	\N	SI TOMA, ANTICOAGULANTE,	HOSPITAL REGIONAL	2026-02-23 11:59:38.273286-03	2026-02-23 11:59:38.275902-03	160
110	ARTROSIS, HIPERTENSIÓN (ELLA)	\N	SI TOMA, CONTROLES AL DÍA	CESFAM LAS ANIMAS, POSTA VILLA, HOSPITAL	2026-02-23 11:59:38.309107-03	2026-02-23 11:59:38.310834-03	157
111	ARTROSIS, HIPERTENSIÓN	\N	SI TOMA, CONTROLES AL DÍA	CESFAM LAS ANIMAS	2026-02-23 11:59:38.354437-03	2026-02-23 11:59:38.356159-03	177
112	\N	\N	SIN CONTROLES AL DÍA	CESFAM LAS ANIMAS	2026-02-23 11:59:38.391187-03	2026-02-23 11:59:38.394246-03	217
113	COLESTEROL	\N	SI TOMA	RONDA MÉDICA	2026-02-23 11:59:38.427986-03	2026-02-23 11:59:38.430633-03	64
114	ESCOLEOSIS LUMBAR EVOLUTIVA	\N	CONTROLES AL DÍA	RONDA MÉDICA, CESFAM SABAT	2026-02-23 11:59:38.469102-03	2026-02-23 11:59:38.472176-03	170
115	HIPERTENSIÓN, ELLA DIABETES	\N	SI, TOMAN	RONDA MÉDICA	2026-02-23 11:59:38.51343-03	2026-02-23 11:59:38.516142-03	150
116	\N	\N	\N	\N	2026-02-23 11:59:38.549743-03	2026-02-23 11:59:38.552101-03	146
117	ÉL INSUFICIENCIA RESPIRATORIA AGUDA, ELLA ALZHAIMER, COLESTEROS, PRESIÓN	\N	SI TOMAN, CONTROLES AL DÍA	CESFAM LAS ÁNIMAS, HOSPITAL, RONDA MÉDICA	2026-02-23 11:59:38.58516-03	2026-02-23 11:59:38.587413-03	68
118	HIPERTENSIÓN	\N	SI TOMAN, CONTROLES AL DÍA	SICOLOGO LAS ANIMAS, HUELLELHUE	2026-02-23 11:59:38.624409-03	2026-02-23 11:59:38.626696-03	59
119	HIPERTENSIÓN, TROMOBOSITOPENIA	\N	SO TOMAN, CONTROLES AL DÍA	POSTA HUELLELHUE, HOSPITAL	2026-02-23 11:59:38.658849-03	2026-02-23 11:59:38.661002-03	194
120	ELLA ASMA, ÉL HIPERTENSIÓN	\N	SI TOMAN, CONTROLES AL DÍA	RONDA MÉDICA	2026-02-23 11:59:38.693005-03	2026-02-23 11:59:38.695535-03	107
121	ELLA TETRALOGÍA DEFALOT, ÉL LUMBAGO	\N	\N	JORGE SABAT, RONDA MÉDICA	2026-02-23 11:59:38.726698-03	2026-02-23 11:59:38.729168-03	132
122	ASMA, HIPERTENSIÓN	\N	SI TOMA, SIN CONTROLES AL DÍA	CESFAM NIEBLA	2026-02-23 11:59:38.760515-03	2026-02-23 11:59:38.763608-03	77
123	HIPOTIROIDISMO, COLESTEROL	\N	SI TOMA, CONTROLES AL DÍA	CESFAM LAS ANIMAS	2026-02-23 11:59:38.798544-03	2026-02-23 11:59:38.801037-03	20
124	PRESIÓN ALTA	\N	CONTROL ANUAL	POSTA PISHUINCO	2026-02-23 11:59:38.834948-03	2026-02-23 11:59:38.837252-03	4
125	ELLA DIABETES, HIPERTENSIÓN, ÉL HIPERTENSIÓN Y ARTROSIS.	\N	SI TOMAN, CONTROLES AL DÍA	CESFAM ANGACHILLA	2026-02-23 11:59:38.874755-03	2026-02-23 11:59:38.876992-03	8
126	HIPERTENSIÓN, HERNIA	\N	SI TOMA	CESFAM ANGACHILLA, HOSPITAL	2026-02-23 11:59:38.911946-03	2026-02-23 11:59:38.914308-03	193
127	TRATAMIENTO DERMATÓLOGO	\N	SI TOMA	CESFAM LAS ÁNIMAS	2026-02-23 11:59:38.950243-03	2026-02-23 11:59:38.95254-03	167
128	DIABETES	\N	SI TOMA	CESFAM LAS ÁNIMAS	2026-02-23 11:59:38.984614-03	2026-02-23 11:59:38.987245-03	44
129	ELLA HIPERTENSIÓN, TIROIDES, COLUMNA, ÉL DIABÉTES.	\N	SI TOMAN, CONTROLES AL DÍA	CECOF GUACAMAYO	2026-02-23 11:59:39.024627-03	2026-02-23 11:59:39.027487-03	43
\.


--
-- Data for Name: app_redconocida; Type: TABLE DATA; Schema: public; Owner: postgres
--

COPY public.app_redconocida (id, redes_conoce, redes_participa, redes_apoyo, created_at, updated_at, persona_id) FROM stdin;
1	JJVV	JJVV	FAMILIA, VECINOS, AMIGO	2026-02-23 11:59:33.115531-03	2026-02-23 11:59:33.119892-03	30
2	JJVV, CLUB DEPORTIVO, ADULTO MAYOR, APR	JJVV, APR	HERMANA, HIJO, PRIMA	2026-02-23 11:59:33.158035-03	2026-02-23 11:59:33.160221-03	65
3	JJVV, CLUB DEPORTIVO	APR	HERMANO, VECINO PATRICIO	2026-02-23 11:59:33.188997-03	2026-02-23 11:59:33.190679-03	49
4	ADULTO MAYOR, IGLESIA CATOLICA	APR, JJVV CLUB DEPORTIVO	VECINOS	2026-02-23 11:59:33.227054-03	2026-02-23 11:59:33.228385-03	86
5	\N	COMITÉ DE ADELANTO	FAMILIA, PADRES	2026-02-23 11:59:33.250757-03	2026-02-23 11:59:33.252329-03	226
6	\N	COMITÉ DE ADELANTO	FAMILIA, VECINOS	2026-02-23 11:59:33.282943-03	2026-02-23 11:59:33.284269-03	154
8	\N	COMITÉ DE ADELANTO, IGLESIA EVANGELICA EN VALDIVIA	FAMILIA	2026-02-23 11:59:33.39941-03	2026-02-23 11:59:33.402236-03	72
9	\N	COMITÉ DE ADELANTO	FAMILIA, HIJOS	2026-02-23 11:59:33.423472-03	2026-02-23 11:59:33.424711-03	227
10	\N	COMITÉ DE ADELANTO, TEMPLO EVANGÉLICO	FAMILIARES, VECINOS	2026-02-23 11:59:33.481216-03	2026-02-23 11:59:33.483027-03	89
11	\N	COMITÉ DE ADELANTO	FAMILIA, MAMÁ, TÍO	2026-02-23 11:59:33.510471-03	2026-02-23 11:59:33.51247-03	186
12	\N	COMITÉ DE ADELANTO	FAMILIA, VECINOS	2026-02-23 11:59:33.554343-03	2026-02-23 11:59:33.555422-03	71
13	JJVV, CENTROS CULTURALES	IGLESIA EVANGÉLICA, APR	FAMILIA, IGLESIA	2026-02-23 11:59:33.707833-03	2026-02-23 11:59:33.710808-03	117
14	ADULTO MAYOR	JJVV, CENTRO CULTURAL, PORTAL	FAMILIA, VECINO JAVIER	2026-02-23 11:59:33.755103-03	2026-02-23 11:59:33.75724-03	161
15	\N	ADULTO MAYOR, JJVV, APR	FAMILIA, VECINOS	2026-02-23 11:59:33.782297-03	2026-02-23 11:59:33.783945-03	16
16	ADULTO MAYOR	JJVV, CENTRO CULTURAL EL CISNECITO, PORTAL CAYUMAPU, APR	FAMILIA, AMIGOS, VECINOS	2026-02-23 11:59:33.807793-03	2026-02-23 11:59:33.809214-03	162
17	\N	JJVV, IGLESIA EVANGELICA, APR	HIJOS(A)	2026-02-23 11:59:33.840845-03	2026-02-23 11:59:33.843376-03	7
18	CLUB DEPORTIVO, FERIA GASTRONOMICA	JJVV, APR, AGRUPACIÓN LOS GUINDOS	\N	2026-02-23 11:59:33.874808-03	2026-02-23 11:59:33.876899-03	109
19	CLUB DEPORTIVO, APR	JJVV, CAPILLA	HIJOS(A)	2026-02-23 11:59:33.924389-03	2026-02-23 11:59:33.926895-03	24
20	\N	JJVV, COMUNIDAD, COSTUMBRISTA, ORGANIZACIÓN DE ORGANIZACIONES (LANCHA, COOPERATIVA)	FAMILIA	2026-02-23 11:59:33.968688-03	2026-02-23 11:59:33.9708-03	208
21	\N	JJVV (TESORERO)	FAMILIA, VECINOS	2026-02-23 11:59:33.998056-03	2026-02-23 11:59:34.000413-03	210
22	\N	JJVV	VECINOS	2026-02-23 11:59:34.029306-03	2026-02-23 11:59:34.031603-03	205
23	\N	JJVV, FERIA COSTUMBRISTA, CLUB DEPORTIVO LOS PELLINES	FAMILIA	2026-02-23 11:59:34.065067-03	2026-02-23 11:59:34.06773-03	13
24	\N	JJVV, ADULTO MAYOR, IGLESIA, APR	HIJOS	2026-02-23 11:59:34.144131-03	2026-02-23 11:59:34.147243-03	104
25	\N	JJVV	VECINOS, SOBRINO	2026-02-23 11:59:34.223477-03	2026-02-23 11:59:34.226894-03	158
26	JJVV	FERIA COSTUMBRISTA	VECINOS	2026-02-23 11:59:34.27913-03	2026-02-23 11:59:34.282174-03	97
27	\N	FERIA COSTUMBRISTA, JJVV, APR	FAMILIA	2026-02-23 11:59:34.334503-03	2026-02-23 11:59:34.337003-03	116
28	\N	JJVV, APR	HIJO, VECINOS	2026-02-23 11:59:34.382262-03	2026-02-23 11:59:34.384764-03	228
29	APR	JJVV	FAMILIA, VECINOS	2026-02-23 11:59:34.437241-03	2026-02-23 11:59:34.440352-03	41
30	\N	APR, JJVV	VECINOS, HIJAS	2026-02-23 11:59:34.534261-03	2026-02-23 11:59:34.537771-03	211
31	\N	APR, JJVV	FAMILIA, VECINOS	2026-02-23 11:59:34.595106-03	2026-02-23 11:59:34.598653-03	128
32	\N	PROYECTO ELECTRIFICACIÓN, COMITÉ ADELANTO	\N	2026-02-23 11:59:34.692574-03	2026-02-23 11:59:34.696133-03	153
33	\N	PROYECTO ELECTRIFICACIÓN, COMITÉ ADELANTO	HIJAS (LA QUE VIVE EN VALDIVIA, LLAMAR)	2026-02-23 11:59:34.782612-03	2026-02-23 11:59:34.794334-03	174
34	\N	\N	VECINOS	2026-02-23 11:59:34.900315-03	2026-02-23 11:59:34.902786-03	9
35	ADULTO MAYOR (KM 2)	APR, JJVV	HIJA, HERMANO	2026-02-23 11:59:34.976431-03	2026-02-23 11:59:34.979976-03	130
36	APR (ENTREGÓ SU MEDIDOR)	JJVV	HIJA MAYOR	2026-02-23 11:59:35.030505-03	2026-02-23 11:59:35.0347-03	60
37	ADULTO MAYOR, APR	JJVV	HIJAS	2026-02-23 11:59:35.083733-03	2026-02-23 11:59:35.087209-03	243
38	\N	\N	\N	2026-02-23 11:59:35.131533-03	2026-02-23 11:59:35.134675-03	119
39	APR	JJVV	HERMANA, HERMANO, HIJOS	2026-02-23 11:59:35.185374-03	2026-02-23 11:59:35.194675-03	118
40	\N	JJVV, COMITÉ LUZ	VECINOS	2026-02-23 11:59:35.264375-03	2026-02-23 11:59:35.268193-03	42
41	\N	JJVV, COMITÉ LUZ	FAMILIA, VECINOS	2026-02-23 11:59:35.313929-03	2026-02-23 11:59:35.316702-03	83
42	FERIA ANTES DE LA PANDEMIA	JJVV, COMITÉ LUZ	VECINOS	2026-02-23 11:59:35.375863-03	2026-02-23 11:59:35.378969-03	81
43	JJVV	COMITÉ LUZ	\N	2026-02-23 11:59:35.421936-03	2026-02-23 11:59:35.424855-03	82
44	CLUB ADULTO MAYOR	JJVV	FAMILIA	2026-02-23 11:59:35.461718-03	2026-02-23 11:59:35.464053-03	114
45	\N	JJVV, REPRESENTANTE PRODESAL SECTOR	\N	2026-02-23 11:59:35.526968-03	2026-02-23 11:59:35.529098-03	62
46	\N	JJVV CAMAN, JJVV CASABLANCA, GRUPO EX ALUMNOS ESCUELA CAMAN	HIJOS/AS, FAMILIA DE CAMÁN	2026-02-23 11:59:35.562669-03	2026-02-23 11:59:35.565445-03	67
47	\N	JJVV	\N	2026-02-23 11:59:35.600613-03	2026-02-23 11:59:35.602994-03	202
48	\N	JJVV, APR	FAMILIA	2026-02-23 11:59:35.637263-03	2026-02-23 11:59:35.639839-03	221
49	\N	JJVV, APR	FAMILIA, VECINO	2026-02-23 11:59:35.674835-03	2026-02-23 11:59:35.677071-03	198
50	\N	JJVV, APR	FAMILIA	2026-02-23 11:59:35.750725-03	2026-02-23 11:59:35.753604-03	156
51	\N	JJVV, APR, CEMENTERIO	HIJO, HERMANAS	2026-02-23 11:59:35.793978-03	2026-02-23 11:59:35.796037-03	51
52	\N	ADULTO MAYOR, JJVV, FERIA COSTUMBRISTA	FAMILIA	2026-02-23 11:59:35.83181-03	2026-02-23 11:59:35.834635-03	3
53	CLUB DEPORTIVO, ADULTO MAYOR	JJVV, APR, COMITÉ ECOLÓGICO	HIJA (PTA. ARENAS), HERMANA SRA. NELSY	2026-02-23 11:59:35.879161-03	2026-02-23 11:59:35.882007-03	219
54	\N	GRUPO ADULTO MAYOR, JJVV, APR	FAMILIA, HIJAS	2026-02-23 11:59:35.933325-03	2026-02-23 11:59:35.935409-03	216
55	ADULTO MAYOR, APR, JJVV	INSCRITOS EN JJVV Y APR, NO PARTICIPAN ACTIVAMENTE	FAMILIA, HIJOS/AS	2026-02-23 11:59:35.984535-03	2026-02-23 11:59:35.986728-03	189
56	\N	JJVV, APR, MERCADO CAMPESINO, PORTAL NORTE CAYUMAPU	\N	2026-02-23 11:59:36.01876-03	2026-02-23 11:59:36.021054-03	173
57	\N	JJVV	HIJAS, NIETO	2026-02-23 11:59:36.053251-03	2026-02-23 11:59:36.056123-03	90
58	COMUNIDAD INDIGENA	ADULTO MAYOR, JJVV, APR CAYUMAPU, FERIA COSTUMBRISTA	FAMILIA, HIJOS	2026-02-23 11:59:36.094475-03	2026-02-23 11:59:36.097749-03	34
59	\N	ADULTO MAYOR, JJVV, APR CAYUMAPU, FERIA COSTUMBRISTA	HIJOS, NIETOS	2026-02-23 11:59:36.130374-03	2026-02-23 11:59:36.133013-03	103
60	\N	JJVV, APR CHANCOYAN, FERIA COSTUMBRISTA	FAMILIA, SOBRINOS, HERMANOS	2026-02-23 11:59:36.169492-03	2026-02-23 11:59:36.171653-03	151
61	\N	COMITÉ ADELANTO	VECINOS	2026-02-23 11:59:36.207916-03	2026-02-23 11:59:36.210251-03	184
62	\N	COMITÉ ADELANTO COLONIA CUTIPAY	FAMILIA	2026-02-23 11:59:36.249302-03	2026-02-23 11:59:36.252014-03	238
63	\N	COMITÉ ADELANTO COLONIA CUTIPAY	FAMILIA	2026-02-23 11:59:36.297473-03	2026-02-23 11:59:36.300037-03	237
64	\N	\N	HIJAS	2026-02-23 11:59:36.356414-03	2026-02-23 11:59:36.359208-03	137
65	\N	JJVV - APR	HIJAS (3)	2026-02-23 11:59:36.405015-03	2026-02-23 11:59:36.407869-03	159
66	\N	CLUB ADULTO MAYOR, JJVV, APR	DON MANUEL, SRA PATY	2026-02-23 11:59:36.444588-03	2026-02-23 11:59:36.447174-03	215
67	\N	JJVV-APR	HERMANO, FAMILIA	2026-02-23 11:59:36.488956-03	2026-02-23 11:59:36.491322-03	136
68	\N	JJVV	FAMILIA	2026-02-23 11:59:36.528506-03	2026-02-23 11:59:36.530874-03	56
69	\N	COMUNIDAD HUMEDAL	FAMILIA EN VALDIVIA	2026-02-23 11:59:36.566892-03	2026-02-23 11:59:36.569717-03	12
70	\N	JJVV, COMITÉ DE AGUA, AMIGOS DEL CEMENTERIO	HIJOS	2026-02-23 11:59:36.607852-03	2026-02-23 11:59:36.610701-03	120
71	\N	JJVV, COMITÉ AGUA, COMITÉ ADELANTO, GRUPO AGRICULTORES	FAMILIA, HIJAS	2026-02-23 11:59:36.652039-03	2026-02-23 11:59:36.654579-03	93
72	\N	JJVV COMITÉ ADELANTO	FAMILIA, PAPÁ	2026-02-23 11:59:36.694077-03	2026-02-23 11:59:36.696302-03	70
7	\N	COMITÉ ADELANTO	HIJOS	2026-02-23 11:59:33.352477-03	2026-02-23 11:59:36.852743-03	87
73	NO PARTICIPA POR FALTA DE MOVILIDAD	\N	HIJOS, IGLESIA EVANGÉLICAS, SALIDAS A LA POSTA	2026-02-23 11:59:36.752309-03	2026-02-23 11:59:36.7573-03	134
74	\N	JJVV, COMITÉ, RONDA MEDICA, ADULTO MAYOR LOS PELLINES	HIJOS, AMIGAS, MANUEL	2026-02-23 11:59:36.79541-03	2026-02-23 11:59:36.797859-03	57
75	\N	IGLESIA EVANGÉLICA, MUJERES JEFAS DE HOGAR	\N	2026-02-23 11:59:36.882686-03	2026-02-23 11:59:36.885187-03	23
76	\N	GRUPO ADULTO MAYOR, JJVV, DEPORTIVO, APR (PROYECTO)	HIJOS, VECINOS, ADULTO MAYOR	2026-02-23 11:59:36.920065-03	2026-02-23 11:59:36.923003-03	179
77	JJVV	APR, FERIA COSTUMBRISTA, SERNATUR	PAREJA, HIJO DE PAREJA, HERMANO DE VALDIVIA	2026-02-23 11:59:36.960635-03	2026-02-23 11:59:36.963572-03	91
78	JJVV	APR, FERIA COSTUMBRISTA	FAMILIA, HIJOS	2026-02-23 11:59:37.003029-03	2026-02-23 11:59:37.006189-03	36
79	JJVV,APR	NO HAY AGRUPACIONES ACTIVAS	PAPÁS, HIJOS	2026-02-23 11:59:37.06207-03	2026-02-23 11:59:37.064406-03	223
80	COMUNIDAD INDÍGENA	\N	AMIGAS	2026-02-23 11:59:37.102042-03	2026-02-23 11:59:37.104609-03	63
81	JJVV	\N	\N	2026-02-23 11:59:37.154869-03	2026-02-23 11:59:37.156837-03	196
82	\N	\N	\N	2026-02-23 11:59:37.192069-03	2026-02-23 11:59:37.1944-03	96
83	\N	EL TOTORAL-JJVV-APR	HIJOS	2026-02-23 11:59:37.229649-03	2026-02-23 11:59:37.232379-03	232
84	\N	APR, JJVV, IGLESIA CATÓLICA	HERMANOS	2026-02-23 11:59:37.269067-03	2026-02-23 11:59:37.2716-03	220
85	\N	JJVV	HIJA, NIETA, PSICÓLOGA	2026-02-23 11:59:37.309163-03	2026-02-23 11:59:37.311573-03	123
86	\N	JJVV, FERIA GASTRONÓMICA, CAPILLA, CORPORACIÓN RURAL ZONA SUR	VECINOS, HIJOS-NIETA	2026-02-23 11:59:37.345916-03	2026-02-23 11:59:37.348298-03	218
87	\N	JJVV	HIJO	2026-02-23 11:59:37.382684-03	2026-02-23 11:59:37.384894-03	155
88	\N	JJVV-APR	\N	2026-02-23 11:59:37.423717-03	2026-02-23 11:59:37.426149-03	183
89	\N	\N	HERMANO	2026-02-23 11:59:37.464781-03	2026-02-23 11:59:37.467107-03	182
90	\N	\N	HIJA MAYOR PRINCIPAL	2026-02-23 11:59:37.506873-03	2026-02-23 11:59:37.509016-03	95
91	\N	\N	FAMILIA-HERMANA	2026-02-23 11:59:37.542521-03	2026-02-23 11:59:37.54461-03	181
92	\N	JJVV	HIJAS, HIJOS	2026-02-23 11:59:37.59177-03	2026-02-23 11:59:37.594196-03	113
93	\N	\N	MAMÁ SOLEDAD, FAMILIA ÓSCAR	2026-02-23 11:59:37.628214-03	2026-02-23 11:59:37.630589-03	240
94	\N	JJVV	\N	2026-02-23 11:59:37.680601-03	2026-02-23 11:59:37.683-03	236
95	\N	JJVV QUITAQUI	HIJO	2026-02-23 11:59:37.722352-03	2026-02-23 11:59:37.724512-03	84
96	\N	JJVV	\N	2026-02-23 11:59:37.774477-03	2026-02-23 11:59:37.777563-03	235
97	\N	JJVV CASA VALDIVIA Y QUITAQUI	HIJOS	2026-02-23 11:59:37.810674-03	2026-02-23 11:59:37.81366-03	126
98	\N	\N	\N	2026-02-23 11:59:37.852481-03	2026-02-23 11:59:37.854851-03	124
99	\N	NO PARTICIPA	FAMILIA, IGLESIA, JEFE ACTUAL	2026-02-23 11:59:37.889869-03	2026-02-23 11:59:37.891883-03	125
100	\N	JJVV	HIJOS	2026-02-23 11:59:37.933544-03	2026-02-23 11:59:37.935962-03	207
101	\N	JJVV, ADELANTO DEL AGUA	FAMILIA	2026-02-23 11:59:37.967505-03	2026-02-23 11:59:37.970097-03	190
102	\N	JJVV	HIJOS, MADRE, PAREJA	2026-02-23 11:59:38.011372-03	2026-02-23 11:59:38.013689-03	2
103	\N	JJVV	HIJAS	2026-02-23 11:59:38.046503-03	2026-02-23 11:59:38.048836-03	17
104	\N	JJVV, APR, CLUB DEPORTIVO, IGLESIA CATÓLICA	\N	2026-02-23 11:59:38.081033-03	2026-02-23 11:59:38.083204-03	80
105	\N	COMITÉ INDÍGENA	\N	2026-02-23 11:59:38.12519-03	2026-02-23 11:59:38.12724-03	75
106	\N	JJVV, APR, COMUNIDAD INDÍGENA	HIJOS, PAREJA	2026-02-23 11:59:38.159534-03	2026-02-23 11:59:38.162213-03	18
107	\N	COMITÉ ADELANTO	HIJO, ESPOSO	2026-02-23 11:59:38.198624-03	2026-02-23 11:59:38.201584-03	98
108	\N	\N	FAMILIA, HIJOS, VECINOS	2026-02-23 11:59:38.240242-03	2026-02-23 11:59:38.242893-03	69
109	\N	APR	HIJOS/AS	2026-02-23 11:59:38.280975-03	2026-02-23 11:59:38.283181-03	160
110	\N	JJVV, ADULTO MAYOR, APR	HIJA MAYOR, HIJO	2026-02-23 11:59:38.315365-03	2026-02-23 11:59:38.317505-03	157
111	\N	JJVV, APR, COMUNIDAD INDÍGENA	AMIGA, HIJOS	2026-02-23 11:59:38.358698-03	2026-02-23 11:59:38.360811-03	177
112	\N	\N	AMIGO	2026-02-23 11:59:38.398794-03	2026-02-23 11:59:38.401826-03	217
113	\N	JJVV-APR	HIJOS, HERMANA	2026-02-23 11:59:38.435047-03	2026-02-23 11:59:38.437841-03	64
114	\N	JJVV-COMITÉ AGUA-COMITÉ EMERGENCIA	\N	2026-02-23 11:59:38.476679-03	2026-02-23 11:59:38.47972-03	170
115	\N	JJVV	HIJAS, PAREJA, AMIGOS	2026-02-23 11:59:38.519287-03	2026-02-23 11:59:38.521852-03	150
116	\N	\N	\N	2026-02-23 11:59:38.556901-03	2026-02-23 11:59:38.5593-03	146
117	\N	JJVV, APR, APIHUMEDAL, PROCAM	VECINOS, PRIMA DE LORENZO	2026-02-23 11:59:38.591532-03	2026-02-23 11:59:38.593892-03	68
118	\N	JJVV, APR, POSTA ADULTO MAYOR	\N	2026-02-23 11:59:38.630425-03	2026-02-23 11:59:38.6326-03	59
119	\N	JJVV, AMIGOS DEL CEMENTERIO, APR	\N	2026-02-23 11:59:38.664964-03	2026-02-23 11:59:38.667155-03	194
120	\N	JJVV, SALUD MENTAL GRUPO DE MUJERE	HIJOS, VECINOS	2026-02-23 11:59:38.699279-03	2026-02-23 11:59:38.701359-03	107
121	\N	JJVV, SALUD MENTAL MUJERES D ECAMAN, IGLESIA EN LOTE 11	\N	2026-02-23 11:59:38.732937-03	2026-02-23 11:59:38.735164-03	132
122	\N	\N	HIJO, HIJA	2026-02-23 11:59:38.767576-03	2026-02-23 11:59:38.770089-03	77
123	\N	\N	VECINO, SOBRINO, DON JUAN	2026-02-23 11:59:38.80531-03	2026-02-23 11:59:38.807892-03	20
124	JJVV	\N	SOBRINOS, FAMILIA	2026-02-23 11:59:38.84194-03	2026-02-23 11:59:38.844324-03	4
125	JJVV	APR	HIJOS	2026-02-23 11:59:38.881396-03	2026-02-23 11:59:38.883929-03	8
126	\N	JJVV, APR	HIJAS	2026-02-23 11:59:38.918429-03	2026-02-23 11:59:38.920171-03	193
127	\N	JJVV	HIJOS	2026-02-23 11:59:38.956041-03	2026-02-23 11:59:38.958209-03	167
128	\N	TOTORAL, JJVV CHABELITA, APR CHABELITA	\N	2026-02-23 11:59:38.992835-03	2026-02-23 11:59:38.995399-03	44
129	\N	TOTORAL, JJVV, APR, IGLESIA	FAMILIA, HIJOS, HIJAS	2026-02-23 11:59:39.031966-03	2026-02-23 11:59:39.034577-03	43
\.


--
-- Data for Name: app_registroasunto; Type: TABLE DATA; Schema: public; Owner: postgres
--

COPY public.app_registroasunto (id, fecha, lugar, responsable, cantidad_asistentes_registrados, created_at, updated_at, asunto_id) FROM stdin;
11	2025-11-08	Paseo Camilo Enriquez	Elsa Mansilla	0	2026-02-09 09:07:08.146114-03	2026-02-09 09:07:08.146122-03	8
3	2025-11-27	—	—	0	2026-02-09 09:07:08.113723-03	2026-02-10 16:26:35.931314-03	3
5	2025-11-20	na	—	0	2026-02-09 09:07:08.123248-03	2026-02-10 16:26:35.936994-03	4
7	2025-12-04	—	—	0	2026-02-09 09:07:08.130298-03	2026-02-10 16:26:35.941701-03	5
8	2025-12-04	Agencia de Area Valdivia	—	0	2026-02-09 09:07:08.133266-03	2026-02-10 16:26:35.947732-03	6
9	2025-10-29	Los Pellines	Paloma Arcos	0	2026-02-09 09:07:08.137915-03	2026-02-10 16:26:35.953292-03	7
12	2025-10-22	Caja Campesina 2 Andes Valdivia	—	0	2026-02-09 09:07:08.150362-03	2026-02-10 16:26:35.959613-03	9
13	2025-10-09	El Arenal	Solange Barbet	0	2026-02-09 09:07:08.152385-03	2026-02-10 16:26:35.965177-03	10
14	2025-10-13	Casa Manuel Badilla	—	0	2026-02-09 09:07:08.154672-03	2026-02-10 16:26:35.969878-03	11
23	2025-09-08	Predio Sr levi Rojas Pishuinco	Manuel Lopez	0	2026-02-09 09:07:08.184266-03	2026-02-10 16:26:36.035392-03	20
24	2025-09-04	Huerto Caracola	Solange Barbet	0	2026-02-09 09:07:08.187321-03	2026-02-10 16:26:36.040442-03	21
4	2025-10-23	Paucapa	—	0	2026-02-09 09:07:08.117194-03	2026-02-10 16:26:35.986354-03	3
16	2025-10-24	Sala de Reuniones Prodesal	Paloma Arcos	0	2026-02-09 09:07:08.160882-03	2026-02-10 16:26:35.992151-03	13
17	2025-10-07	Quincho	Solange Barbet	0	2026-02-09 09:07:08.166501-03	2026-02-10 16:26:35.996954-03	14
18	2025-09-24	Sede Caman-Cufeo	Elsa Mansilla	0	2026-02-09 09:07:08.169967-03	2026-02-10 16:26:36.002347-03	15
19	2025-09-29	Huerto Agroecologico	Manuel Lopez	0	2026-02-09 09:07:08.172723-03	2026-02-10 16:26:36.008652-03	16
20	2025-09-11	Predio Sra isolde Cabales Puncapa	Manuel Lopez	0	2026-02-09 09:07:08.174651-03	2026-02-10 16:26:36.014741-03	17
21	2025-09-05	sala Reuniones Yungay 756	Paloma Arcos	0	2026-02-09 09:07:08.178172-03	2026-02-10 16:26:36.01993-03	18
15	2025-10-15	Sede Caman-Cufeo	Elsa Mansilla	0	2026-02-09 09:07:08.156924-03	2026-02-10 16:26:36.024999-03	12
6	2025-10-09	Chincuia-Arique	Paloma Arcos	0	2026-02-09 09:07:08.125858-03	2026-02-10 16:26:35.980984-03	4
27	2025-09-02	Sala Reuniones Prodesal	Solange Barbet	0	2026-02-09 09:07:08.192392-03	2026-02-10 16:26:36.045664-03	22
29	2025-08-22	Casa Maria Flores	Manuel Lopez	0	2026-02-09 09:07:08.197771-03	2026-02-10 16:26:36.052051-03	23
30	2025-08-14	—	—	0	2026-02-09 09:07:08.200858-03	2026-02-10 16:26:36.058243-03	24
25	2025-08-19	Huerto Caracola	Solange Barbet	0	2026-02-09 09:07:08.188598-03	2026-02-10 16:26:36.063923-03	21
26	2025-08-12	Huerto Caracola	Solange Barbet	0	2026-02-09 09:07:08.190163-03	2026-02-10 16:26:36.070077-03	21
31	2025-08-14	Sede Casa Blanca	Elsa Mansilla	0	2026-02-09 09:07:08.204394-03	2026-02-10 16:26:36.075349-03	25
32	2025-08-18	Sala de Reuniones Prodesal	Solange Barbet	0	2026-02-09 09:07:08.20897-03	2026-02-10 16:26:36.080397-03	26
33	2025-08-08	Parque Saval	—	0	2026-02-09 09:07:08.212468-03	2026-02-10 16:26:36.086584-03	27
34	2025-08-01	Malahue	Solange Barbet	0	2026-02-09 09:07:08.215216-03	2026-02-10 16:26:36.091831-03	28
35	2025-07-18	Reserva Costeña Curiñao	—	0	2026-02-09 09:07:08.217968-03	2026-02-10 16:26:36.096567-03	29
36	2025-08-04	Espacio Fluvial	Solange Barbet	0	2026-02-09 09:07:08.220886-03	2026-02-10 16:26:36.101658-03	30
37	2025-07-07	Oficina Prodesal	Solange Barbet	0	2026-02-09 09:07:08.225264-03	2026-02-10 16:26:36.106579-03	31
38	2025-07-11	Predio Nora Salinas	Solange Barbet	0	2026-02-09 09:07:08.230112-03	2026-02-10 16:26:36.111934-03	32
39	2025-07-15	Huellelhue	—	0	2026-02-09 09:07:08.23331-03	2026-02-10 16:26:36.117926-03	33
47	2025-07-17	Predio Irma Silva	Solange Barbet	0	2026-02-09 09:07:08.244379-03	2026-02-10 16:26:36.123505-03	34
48	2025-07-25	Los Pellines	Articulacion	0	2026-02-09 09:07:08.247938-03	2026-02-10 16:26:36.128825-03	35
49	2025-07-28	Oficina Prodesal	Solange Barbet	0	2026-02-09 09:07:08.25199-03	2026-02-10 16:26:36.134461-03	36
50	2025-07-31	Oficina Ocadis	Paloma Arcos	0	2026-02-09 09:07:08.255602-03	2026-02-10 16:26:36.139686-03	37
51	2025-07-02	Auditorio Covepa	Paloma Arcos	0	2026-02-09 09:07:08.257692-03	2026-02-10 16:26:36.144424-03	38
52	2025-07-07	Oficina Prodesal	Paloma Arcos	0	2026-02-09 09:07:08.260118-03	2026-02-10 16:26:36.149436-03	39
55	2025-07-21	Oficina Prodesal	Paloma Arcos	0	2026-02-09 09:07:08.268691-03	2026-02-10 16:26:36.154615-03	40
56	2025-07-22	Servin los Rios	Paloma Arcos	0	2026-02-09 09:07:08.272602-03	2026-02-10 16:26:36.159478-03	41
57	2025-07-06	Predio Sra luz Esperanza	Manuel Lopez	0	2026-02-09 09:07:08.27562-03	2026-02-10 16:26:36.163922-03	42
28	2025-06-23	Oficina Prodesal	Paloma Arcos	0	2026-02-09 09:07:08.193819-03	2026-02-10 16:26:36.169228-03	22
40	2025-06-05	Sala region de los rios	Solange Barbet	0	2026-02-09 09:07:08.234765-03	2026-02-10 16:26:36.174198-03	33
41	2025-06-12	Sala las Artes	Solange Barbet	0	2026-02-09 09:07:08.236283-03	2026-02-10 16:26:36.17904-03	33
42	2025-06-26	Municipalidad	Solange Barbet	0	2026-02-09 09:07:08.237722-03	2026-02-10 16:26:36.184677-03	33
58	2025-06-06	Zona sur	Elsa Mansilla	0	2026-02-09 09:07:08.278469-03	2026-02-10 16:26:36.189295-03	43
59	2025-06-09	Calle Calle y Zona Norte	Elsa Mansilla	0	2026-02-09 09:07:08.280929-03	2026-02-10 16:26:36.194316-03	43
60	2025-06-13	Sector costa	Elsa Mansilla	0	2026-02-09 09:07:08.282659-03	2026-02-10 16:26:36.200179-03	43
61	2025-06-19	Curiñanco-Bonifacio	Elsa Mansilla	0	2026-02-09 09:07:08.283877-03	2026-02-10 16:26:36.210451-03	43
63	2025-06-11	Sede Chancoyon	Solange Barbet	0	2026-02-09 09:07:08.293569-03	2026-02-10 16:26:36.21716-03	45
64	2025-06-24	Curiñanco	Solange Barbet	0	2026-02-09 09:07:08.297609-03	2026-02-10 16:26:36.222225-03	46
65	2025-06-10	Oficina Prodesal	Solange Barbet	0	2026-02-09 09:07:08.301237-03	2026-02-10 16:26:36.226623-03	47
66	2025-06-17	El Arenal	Solange Barbet	0	2026-02-09 09:07:08.304801-03	2026-02-10 16:26:36.232037-03	48
53	2025-06-30	Oficina Prodesal	Paloma Arcos	0	2026-02-09 09:07:08.263216-03	2026-02-10 16:26:36.236778-03	39
54	2025-06-16	Oficina Prodesal	Paloma Arcos	0	2026-02-09 09:07:08.265076-03	2026-02-10 16:26:36.241713-03	39
67	2025-06-19	Oficina Construyendo Chile	Paloma Arcos	0	2026-02-09 09:07:08.307556-03	2026-02-10 16:26:36.248401-03	49
10	2025-06-19	—	—	0	2026-02-09 09:07:08.140939-03	2026-02-10 16:26:36.254232-03	7
68	2025-06-12	na	—	0	2026-02-09 09:07:08.311438-03	2026-02-10 16:26:36.259375-03	50
69	2025-06-05	na	—	0	2026-02-09 09:07:08.312815-03	2026-02-10 16:26:36.265299-03	50
70	2025-05-12	Oficina Prodesal	Solange Barbet	0	2026-02-09 09:07:08.316016-03	2026-02-10 16:26:36.271665-03	51
71	2025-05-13	Sede Los Guindos	Articulacion	0	2026-02-09 09:07:08.318642-03	2026-02-10 16:26:36.277479-03	52
72	2025-05-13	Los Pellines	Manuel Lopez	0	2026-02-09 09:07:08.323148-03	2026-02-10 16:26:36.282378-03	53
73	2025-05-26	Lomas del Sol	Prodesal	0	2026-02-09 09:07:08.326937-03	2026-02-10 16:26:36.287281-03	54
43	2025-05-08	—	Solange Barbet	0	2026-02-09 09:07:08.239048-03	2026-02-10 16:26:36.292127-03	33
74	2025-05-14	Centro de negocios	Jose Miguel Vera	0	2026-02-09 09:07:08.330103-03	2026-02-10 16:26:36.297239-03	55
44	2025-05-22	Sala Reunion los rios	Solange Barbet	0	2026-02-09 09:07:08.240221-03	2026-02-10 16:26:36.302134-03	33
45	2025-05-29	Sala de Reuniones Prodesal	Solange Barbet	0	2026-02-09 09:07:08.241215-03	2026-02-10 16:26:36.307731-03	33
75	2025-05-15	Oficina Ocadis	Paloma Arcos	0	2026-02-09 09:07:08.333445-03	2026-02-10 16:26:36.312606-03	56
76	2025-05-17	Sede JJVV Casa Blanca	Paloma Arcos	0	2026-02-09 09:07:08.335962-03	2026-02-10 16:26:36.31769-03	57
77	2025-04-28	Indap	—	0	2026-02-09 09:07:08.338586-03	2026-02-10 16:26:36.322959-03	58
78	2025-04-25	Sede JV Los Pellines	Elsa Mansilla	0	2026-02-09 09:07:08.341681-03	2026-02-10 16:26:36.328044-03	59
79	2025-04-02	Centro de Innovacion CIC los Rios	—	0	2026-02-09 09:07:08.346599-03	2026-02-10 16:26:36.332569-03	60
46	2025-04-25	—	Solange Barbet	0	2026-02-09 09:07:08.242228-03	2026-02-10 16:26:36.337391-03	33
80	2025-04-30	Sala Reuniones	Solange Barbet	0	2026-02-09 09:07:08.352866-03	2026-02-10 16:26:36.343839-03	61
81	2025-03-04	Quincho Sra Romilia Mora	—	0	2026-02-09 09:07:08.358316-03	2026-02-10 16:26:36.350155-03	62
104	2026-02-24	Parque Saval	—	0	2026-02-09 09:11:43.371902-03	2026-02-09 09:11:43.371907-03	80
102	2026-02-25	Sede Junta de Vecino	Solange Barbet	0	2026-02-09 09:11:43.322777-03	2026-02-10 16:26:36.452343-03	64
103	2026-02-25	Sede Junta de Vecino	—	0	2026-02-09 09:11:43.367198-03	2026-02-10 16:26:36.45744-03	79
97	2025-02-28	Oficina Prodesal	Prodesal	0	2026-02-09 09:07:08.408768-03	2026-02-10 16:26:36.462361-03	74
98	2025-01-10	Oficina Prodesal	Solange Barbet	0	2026-02-09 09:07:08.413385-03	2026-02-10 16:26:36.467844-03	75
99	2025-01-22	Lomas del Sol	—	0	2026-02-09 09:07:08.41714-03	2026-02-10 16:26:36.473408-03	76
100	2025-02-27	Oficina Prodesal	Paloma Arcos	0	2026-02-09 09:07:08.421425-03	2026-02-10 16:26:36.478818-03	77
105	2026-01-30	Predio Mario Salinas	Paloma Arcos	0	2026-02-09 09:11:43.379504-03	2026-02-10 16:26:36.484587-03	81
101	2025-01-10	Oficina Prodesal	Paloma Arcos	0	2026-02-09 09:07:08.423912-03	2026-02-10 16:26:36.490325-03	78
1	2025-11-19	Sala region de los lagos	Paloma Arcos	0	2026-02-09 09:07:08.090852-03	2026-02-10 16:26:35.916358-03	1
2	2025-12-05	Predio Sr levi Rojas Pishuinco	Manuel Lopez	0	2026-02-09 09:07:08.106644-03	2026-02-10 16:26:35.924575-03	2
22	2025-09-09	Parcela Agricultor Bernardo Ulloa	Elsa Mansilla	0	2026-02-09 09:07:08.180761-03	2026-02-10 16:26:36.030165-03	19
62	2025-06-18	Predio Sr Ivan Garrido Punucapa	Solange Barbet	0	2026-02-09 09:07:08.287362-03	2026-02-10 16:26:36.205587-03	44
82	2025-03-03	Sede Cayumapu	Sandra Guzman	0	2026-02-09 09:07:08.359897-03	2026-02-10 16:26:36.355169-03	62
83	2025-03-07	Sede Jv Los Guindos	Solange Barbet	0	2026-02-09 09:07:08.364262-03	2026-02-10 16:26:36.35988-03	63
84	2025-03-07	Sede Chacoñan	Sandra Guzman	0	2026-02-09 09:07:08.367283-03	2026-02-10 16:26:36.364438-03	64
88	2025-03-10	Sede Los Pellines	Manuel Lopez	0	2026-02-09 09:07:08.375577-03	2026-02-10 16:26:36.369349-03	65
85	2025-03-12	Sede Molco	Sandra Guzman	0	2026-02-09 09:07:08.368781-03	2026-02-10 16:26:36.383849-03	64
86	2025-03-13	Dependencia Prodesal	Manuel Lopez	0	2026-02-09 09:07:08.371915-03	2026-02-10 16:26:36.389257-03	64
89	2025-03-13	—	Solange Barbet	0	2026-02-09 09:07:08.380668-03	2026-02-10 16:26:36.394341-03	66
90	2025-03-14	Sede Jv Punucapa	Manuel Lopez	0	2026-02-09 09:07:08.385063-03	2026-02-10 16:26:36.399438-03	67
91	2025-03-19	Predio Sr Erwin Flandez	Solange Barbet	0	2026-02-09 09:07:08.387886-03	2026-02-10 16:26:36.404792-03	68
92	2025-03-19	Predio Mario Salinas	Solange Barbet	0	2026-02-09 09:07:08.391667-03	2026-02-10 16:26:36.409631-03	69
93	2025-03-20	Predio Silvia Villanueva	Paloma Arcos	0	2026-02-09 09:07:08.394549-03	2026-02-10 16:26:36.416784-03	70
94	2025-03-26	Quitaqui	Paloma Arcos	0	2026-02-09 09:07:08.397944-03	2026-02-10 16:26:36.422936-03	71
95	2025-03-27	Paseo Camilo Enriquez	Elsa Mansilla	0	2026-02-09 09:07:08.400714-03	2026-02-10 16:26:36.42876-03	72
96	2025-03-28	Oficina Prodesal	Solange Barbet	0	2026-02-09 09:07:08.402908-03	2026-02-10 16:26:36.434657-03	73
87	2025-02-19	Lomas del Sol	Solange Barbet	0	2026-02-09 09:07:08.373243-03	2026-02-10 16:26:36.440775-03	64
\.


--
-- Data for Name: app_registrosocial; Type: TABLE DATA; Schema: public; Owner: postgres
--

COPY public.app_registrosocial (id, posee_registro, puntaje, actualizado, fecha_actualizacion, created_at, updated_at, persona_id) FROM stdin;
1	\N	NO SABE	\N	\N	2026-02-23 11:59:33.126097-03	2026-02-23 11:59:33.128714-03	30
2	\N	NO SABE	\N	\N	2026-02-23 11:59:33.163716-03	2026-02-23 11:59:33.165641-03	65
3	\N	NO SABE	f	\N	2026-02-23 11:59:33.193683-03	2026-02-23 11:59:33.195688-03	49
4	t	40	t	\N	2026-02-23 11:59:33.230568-03	2026-02-23 11:59:33.232055-03	86
5	t	\N	\N	\N	2026-02-23 11:59:33.254735-03	2026-02-23 11:59:33.255824-03	226
6	t	40	t	\N	2026-02-23 11:59:33.287083-03	2026-02-23 11:59:33.288376-03	154
80	t	40	t	\N	2026-02-23 11:59:37.108504-03	2026-02-23 11:59:37.111222-03	63
8	t	\N	f	\N	2026-02-23 11:59:33.405289-03	2026-02-23 11:59:33.407901-03	72
9	t	\N	t	\N	2026-02-23 11:59:33.426662-03	2026-02-23 11:59:33.428087-03	227
10	t	\N	t	\N	2026-02-23 11:59:33.485937-03	2026-02-23 11:59:33.487735-03	89
11	t	\N	t	\N	2026-02-23 11:59:33.515233-03	2026-02-23 11:59:33.516378-03	186
12	t	\N	f	\N	2026-02-23 11:59:33.557534-03	2026-02-23 11:59:33.55852-03	71
13	t	40	t	\N	2026-02-23 11:59:33.716892-03	2026-02-23 11:59:33.720445-03	117
14	t	\N	t	\N	2026-02-23 11:59:33.759892-03	2026-02-23 11:59:33.761167-03	161
15	t	\N	f	\N	2026-02-23 11:59:33.787179-03	2026-02-23 11:59:33.788701-03	16
16	t	60	t	\N	2026-02-23 11:59:33.812084-03	2026-02-23 11:59:33.813921-03	162
17	t	40	f	\N	2026-02-23 11:59:33.847917-03	2026-02-23 11:59:33.849989-03	7
18	t	40	t	\N	2026-02-23 11:59:33.880903-03	2026-02-23 11:59:33.88309-03	109
19	t	40	t	\N	2026-02-23 11:59:33.930982-03	2026-02-23 11:59:33.933413-03	24
20	t	40	t	\N	2026-02-23 11:59:33.975161-03	2026-02-23 11:59:33.976963-03	208
21	t	40	t	\N	2026-02-23 11:59:34.004294-03	2026-02-23 11:59:34.006193-03	210
22	t	40	t	\N	2026-02-23 11:59:34.035916-03	2026-02-23 11:59:34.037678-03	205
23	t	40	t	\N	2026-02-23 11:59:34.073621-03	2026-02-23 11:59:34.076441-03	13
24	t	40	t	\N	2026-02-23 11:59:34.153321-03	2026-02-23 11:59:34.156669-03	104
25	t	\N	\N	\N	2026-02-23 11:59:34.232951-03	2026-02-23 11:59:34.236372-03	158
26	t	40	t	\N	2026-02-23 11:59:34.288665-03	2026-02-23 11:59:34.292122-03	97
27	t	\N	f	\N	2026-02-23 11:59:34.342304-03	2026-02-23 11:59:34.345259-03	116
28	t	\N	\N	\N	2026-02-23 11:59:34.389395-03	2026-02-23 11:59:34.392517-03	228
29	t	\N	\N	\N	2026-02-23 11:59:34.445882-03	2026-02-23 11:59:34.449537-03	41
30	t	\N	f	\N	2026-02-23 11:59:34.544468-03	2026-02-23 11:59:34.547694-03	211
31	t	40	t	\N	2026-02-23 11:59:34.605843-03	2026-02-23 11:59:34.609154-03	128
32	t	50	t	\N	2026-02-23 11:59:34.703216-03	2026-02-23 11:59:34.706828-03	153
33	t	\N	t	\N	2026-02-23 11:59:34.808629-03	2026-02-23 11:59:34.815836-03	174
34	t	40	t	\N	2026-02-23 11:59:34.908435-03	2026-02-23 11:59:34.911637-03	9
35	t	\N	t	\N	2026-02-23 11:59:34.987081-03	2026-02-23 11:59:34.990456-03	130
36	t	40	t	\N	2026-02-23 11:59:35.0409-03	2026-02-23 11:59:35.044342-03	60
37	t	40	t	\N	2026-02-23 11:59:35.092626-03	2026-02-23 11:59:35.095293-03	243
38	\N	\N	\N	\N	2026-02-23 11:59:35.139467-03	2026-02-23 11:59:35.141913-03	119
39	t	\N	\N	\N	2026-02-23 11:59:35.201569-03	2026-02-23 11:59:35.20729-03	118
40	t	40	t	\N	2026-02-23 11:59:35.274486-03	2026-02-23 11:59:35.277575-03	42
41	t	\N	t	\N	2026-02-23 11:59:35.321552-03	2026-02-23 11:59:35.324239-03	83
42	t	40	t	\N	2026-02-23 11:59:35.385088-03	2026-02-23 11:59:35.387565-03	81
43	t	40	t	\N	2026-02-23 11:59:35.42982-03	2026-02-23 11:59:35.43283-03	82
44	t	40	t	\N	2026-02-23 11:59:35.468614-03	2026-02-23 11:59:35.470889-03	114
45	t	\N	t	\N	2026-02-23 11:59:35.533071-03	2026-02-23 11:59:35.535905-03	62
46	t	40	t	\N	2026-02-23 11:59:35.569824-03	2026-02-23 11:59:35.572566-03	67
47	t	40	t	\N	2026-02-23 11:59:35.607144-03	2026-02-23 11:59:35.60964-03	202
48	t	40	t	\N	2026-02-23 11:59:35.644084-03	2026-02-23 11:59:35.646707-03	221
49	t	40	t	\N	2026-02-23 11:59:35.681383-03	2026-02-23 11:59:35.684144-03	198
50	t	40	t	\N	2026-02-23 11:59:35.75792-03	2026-02-23 11:59:35.760565-03	156
51	t	40	t	\N	2026-02-23 11:59:35.800829-03	2026-02-23 11:59:35.803124-03	51
52	t	40	t	\N	2026-02-23 11:59:35.838867-03	2026-02-23 11:59:35.841338-03	3
53	t	40	t	\N	2026-02-23 11:59:35.886811-03	2026-02-23 11:59:35.889605-03	219
54	t	40	t	\N	2026-02-23 11:59:35.940443-03	2026-02-23 11:59:35.942566-03	216
55	t	40	t	\N	2026-02-23 11:59:35.990759-03	2026-02-23 11:59:35.992788-03	189
56	t	40	t	\N	2026-02-23 11:59:36.025958-03	2026-02-23 11:59:36.028385-03	173
57	t	\N	f	\N	2026-02-23 11:59:36.059253-03	2026-02-23 11:59:36.060678-03	90
58	t	40	t	\N	2026-02-23 11:59:36.102179-03	2026-02-23 11:59:36.104494-03	34
59	t	40	t	\N	2026-02-23 11:59:36.137363-03	2026-02-23 11:59:36.140113-03	103
60	t	40	t	\N	2026-02-23 11:59:36.17614-03	2026-02-23 11:59:36.178861-03	151
61	t	\N	f	\N	2026-02-23 11:59:36.214701-03	2026-02-23 11:59:36.217159-03	184
62	t	40	t	\N	2026-02-23 11:59:36.257372-03	2026-02-23 11:59:36.261529-03	238
63	t	\N	\N	\N	2026-02-23 11:59:36.305786-03	2026-02-23 11:59:36.309924-03	237
64	t	40	t	\N	2026-02-23 11:59:36.367109-03	2026-02-23 11:59:36.36995-03	137
65	t	\N	\N	\N	2026-02-23 11:59:36.412674-03	2026-02-23 11:59:36.415137-03	159
66	t	40	t	\N	2026-02-23 11:59:36.451561-03	2026-02-23 11:59:36.454167-03	215
67	t	NO SABE	\N	\N	2026-02-23 11:59:36.496031-03	2026-02-23 11:59:36.498466-03	136
68	t	\N	\N	\N	2026-02-23 11:59:36.534966-03	2026-02-23 11:59:36.537052-03	56
69	t	60	t	\N	2026-02-23 11:59:36.574082-03	2026-02-23 11:59:36.576854-03	12
70	t	\N	\N	\N	2026-02-23 11:59:36.615281-03	2026-02-23 11:59:36.617822-03	120
71	t	40	t	\N	2026-02-23 11:59:36.659747-03	2026-02-23 11:59:36.662643-03	93
72	t	70	t	\N	2026-02-23 11:59:36.700257-03	2026-02-23 11:59:36.703097-03	70
73	t	\N	\N	\N	2026-02-23 11:59:36.761723-03	2026-02-23 11:59:36.765048-03	134
74	t	40	t	\N	2026-02-23 11:59:36.802255-03	2026-02-23 11:59:36.804892-03	57
7	t	40	t	\N	2026-02-23 11:59:33.359203-03	2026-02-23 11:59:36.856741-03	87
75	t	40	t	\N	2026-02-23 11:59:36.889494-03	2026-02-23 11:59:36.892309-03	23
76	t	40	t	\N	2026-02-23 11:59:36.92861-03	2026-02-23 11:59:36.931547-03	179
77	t	40	t	\N	2026-02-23 11:59:36.968942-03	2026-02-23 11:59:36.971842-03	91
78	t	40	t	\N	2026-02-23 11:59:37.010807-03	2026-02-23 11:59:37.013219-03	36
79	t	40	t	\N	2026-02-23 11:59:37.069365-03	2026-02-23 11:59:37.072968-03	223
81	t	40	t	\N	2026-02-23 11:59:37.160901-03	2026-02-23 11:59:37.163617-03	196
82	t	\N	f	\N	2026-02-23 11:59:37.198599-03	2026-02-23 11:59:37.20096-03	96
83	f	\N	\N	\N	2026-02-23 11:59:37.236955-03	2026-02-23 11:59:37.239273-03	232
84	t	NO SABE	\N	\N	2026-02-23 11:59:37.277096-03	2026-02-23 11:59:37.280255-03	220
85	t	40	t	\N	2026-02-23 11:59:37.315864-03	2026-02-23 11:59:37.318259-03	123
86	t	40	t	\N	2026-02-23 11:59:37.352429-03	2026-02-23 11:59:37.355065-03	218
87	t	40	t	\N	2026-02-23 11:59:37.389201-03	2026-02-23 11:59:37.392021-03	155
88	t	40	t	\N	2026-02-23 11:59:37.430208-03	2026-02-23 11:59:37.432798-03	183
89	\N	NO SABE	\N	\N	2026-02-23 11:59:37.471149-03	2026-02-23 11:59:37.473821-03	182
90	t	40	t	\N	2026-02-23 11:59:37.513168-03	2026-02-23 11:59:37.515785-03	95
91	t	40	t	\N	2026-02-23 11:59:37.548886-03	2026-02-23 11:59:37.550903-03	181
92	t	40	t	\N	2026-02-23 11:59:37.598299-03	2026-02-23 11:59:37.600573-03	113
93	t	40	t	\N	2026-02-23 11:59:37.634797-03	2026-02-23 11:59:37.637047-03	240
94	f	\N	f	\N	2026-02-23 11:59:37.687127-03	2026-02-23 11:59:37.690011-03	236
95	t	40	t	\N	2026-02-23 11:59:37.728462-03	2026-02-23 11:59:37.73085-03	84
96	t	40	t	\N	2026-02-23 11:59:37.781555-03	2026-02-23 11:59:37.783742-03	235
97	t	60	t	\N	2026-02-23 11:59:37.817668-03	2026-02-23 11:59:37.819942-03	126
98	t	40	t	\N	2026-02-23 11:59:37.858745-03	2026-02-23 11:59:37.860786-03	124
99	t	40	t	\N	2026-02-23 11:59:37.895461-03	2026-02-23 11:59:37.897616-03	125
100	\N	40	f	\N	2026-02-23 11:59:37.940706-03	2026-02-23 11:59:37.943175-03	207
101	t	40	t	\N	2026-02-23 11:59:37.974053-03	2026-02-23 11:59:37.976493-03	190
102	t	40	t	\N	2026-02-23 11:59:38.017864-03	2026-02-23 11:59:38.020143-03	2
103	t	40	t	\N	2026-02-23 11:59:38.053036-03	2026-02-23 11:59:38.055434-03	17
104	t	40	t	\N	2026-02-23 11:59:38.086819-03	2026-02-23 11:59:38.088779-03	80
105	t	40	t	\N	2026-02-23 11:59:38.130425-03	2026-02-23 11:59:38.132545-03	75
106	t	NO SABE	\N	\N	2026-02-23 11:59:38.166562-03	2026-02-23 11:59:38.168697-03	18
107	t	40	t	\N	2026-02-23 11:59:38.206714-03	2026-02-23 11:59:38.209058-03	98
108	t	40	t	\N	2026-02-23 11:59:38.24753-03	2026-02-23 11:59:38.251057-03	69
109	t	40	t	\N	2026-02-23 11:59:38.287781-03	2026-02-23 11:59:38.289499-03	160
110	t	40	t	\N	2026-02-23 11:59:38.323168-03	2026-02-23 11:59:38.326168-03	157
111	t	40	t	\N	2026-02-23 11:59:38.364478-03	2026-02-23 11:59:38.365926-03	177
112	t	40	t	\N	2026-02-23 11:59:38.406939-03	2026-02-23 11:59:38.40888-03	217
113	t	NO SABE	\N	\N	2026-02-23 11:59:38.442384-03	2026-02-23 11:59:38.44773-03	64
114	t	40	t	\N	2026-02-23 11:59:38.485829-03	2026-02-23 11:59:38.489041-03	170
115	t	40	t	\N	2026-02-23 11:59:38.526124-03	2026-02-23 11:59:38.528556-03	150
116	t	40	t	\N	2026-02-23 11:59:38.563511-03	2026-02-23 11:59:38.565781-03	146
117	t	40	t	\N	2026-02-23 11:59:38.598249-03	2026-02-23 11:59:38.600686-03	68
118	t	40	t	\N	2026-02-23 11:59:38.636524-03	2026-02-23 11:59:38.638724-03	59
119	t	40	t	\N	2026-02-23 11:59:38.671267-03	2026-02-23 11:59:38.673417-03	194
120	t	40	t	\N	2026-02-23 11:59:38.705645-03	2026-02-23 11:59:38.708062-03	107
121	t	40	t	\N	2026-02-23 11:59:38.739083-03	2026-02-23 11:59:38.741264-03	132
122	t	40	t	\N	2026-02-23 11:59:38.774663-03	2026-02-23 11:59:38.776858-03	77
123	t	40	t	\N	2026-02-23 11:59:38.812725-03	2026-02-23 11:59:38.815196-03	20
124	t	40	t	\N	2026-02-23 11:59:38.847918-03	2026-02-23 11:59:38.850061-03	4
125	t	40	t	\N	2026-02-23 11:59:38.888883-03	2026-02-23 11:59:38.891497-03	8
126	t	40	t	\N	2026-02-23 11:59:38.924474-03	2026-02-23 11:59:38.926643-03	193
127	t	40	t	\N	2026-02-23 11:59:38.961885-03	2026-02-23 11:59:38.964448-03	167
128	t	40	t	\N	2026-02-23 11:59:38.999794-03	2026-02-23 11:59:39.002621-03	44
129	t	40	t	\N	2026-02-23 11:59:39.038463-03	2026-02-23 11:59:39.040626-03	43
\.


--
-- Data for Name: auth_group; Type: TABLE DATA; Schema: public; Owner: postgres
--

COPY public.auth_group (id, name) FROM stdin;
\.


--
-- Data for Name: auth_group_permissions; Type: TABLE DATA; Schema: public; Owner: postgres
--

COPY public.auth_group_permissions (id, group_id, permission_id) FROM stdin;
\.


--
-- Data for Name: auth_permission; Type: TABLE DATA; Schema: public; Owner: postgres
--

COPY public.auth_permission (id, name, content_type_id, codename) FROM stdin;
1	Can add log entry	1	add_logentry
2	Can change log entry	1	change_logentry
3	Can delete log entry	1	delete_logentry
4	Can view log entry	1	view_logentry
5	Can add permission	3	add_permission
6	Can change permission	3	change_permission
7	Can delete permission	3	delete_permission
8	Can view permission	3	view_permission
9	Can add group	2	add_group
10	Can change group	2	change_group
11	Can delete group	2	delete_group
12	Can view group	2	view_group
13	Can add user	4	add_user
14	Can change user	4	change_user
15	Can delete user	4	delete_user
16	Can view user	4	view_user
17	Can add content type	5	add_contenttype
18	Can change content type	5	change_contenttype
19	Can delete content type	5	delete_contenttype
20	Can view content type	5	view_contenttype
21	Can add session	6	add_session
22	Can change session	6	change_session
23	Can delete session	6	delete_session
24	Can view session	6	view_session
25	Can add clientes	7	add_clientes
26	Can change clientes	7	change_clientes
27	Can delete clientes	7	delete_clientes
28	Can view clientes	7	view_clientes
29	Can add asistencia	8	add_asistencia
30	Can change asistencia	8	change_asistencia
31	Can delete asistencia	8	delete_asistencia
32	Can view asistencia	8	view_asistencia
33	Can add asunto	9	add_asunto
34	Can change asunto	9	change_asunto
35	Can delete asunto	9	delete_asunto
36	Can view asunto	9	view_asunto
37	Can add registro asunto	10	add_registroasunto
38	Can change registro asunto	10	change_registroasunto
39	Can delete registro asunto	10	delete_registroasunto
40	Can view registro asunto	10	view_registroasunto
41	Can add registro social	11	add_registrosocial
42	Can change registro social	11	change_registrosocial
43	Can delete registro social	11	delete_registrosocial
44	Can view registro social	11	view_registrosocial
45	Can add red conocida	12	add_redconocida
46	Can change red conocida	12	change_redconocida
47	Can delete red conocida	12	delete_redconocida
48	Can view red conocida	12	view_redconocida
49	Can add informacion salud	13	add_informacionsalud
50	Can change informacion salud	13	change_informacionsalud
51	Can delete informacion salud	13	delete_informacionsalud
52	Can view informacion salud	13	view_informacionsalud
53	Can add hogar	14	add_hogar
54	Can change hogar	14	change_hogar
55	Can delete hogar	14	delete_hogar
56	Can view hogar	14	view_hogar
57	Can add carga familiar	15	add_cargafamiliar
58	Can change carga familiar	15	change_cargafamiliar
59	Can delete carga familiar	15	delete_cargafamiliar
60	Can view carga familiar	15	view_cargafamiliar
61	Can add anotaciones hogar	16	add_anotacioneshogar
62	Can change anotaciones hogar	16	change_anotacioneshogar
63	Can delete anotaciones hogar	16	delete_anotacioneshogar
64	Can view anotaciones hogar	16	view_anotacioneshogar
\.


--
-- Data for Name: auth_user; Type: TABLE DATA; Schema: public; Owner: postgres
--

COPY public.auth_user (id, password, last_login, is_superuser, username, first_name, last_name, email, is_staff, is_active, date_joined) FROM stdin;
1	pbkdf2_sha256$600000$CRM0EAWOAU4bzdZdHrYcMX$Vr8JEzARj7jRUZsPh3wGOVzoODicq8PAOtdiVmfC0xg=	\N	t	admin			admin@gmail.com	t	t	2026-02-05 09:41:28.743694-03
\.


--
-- Data for Name: auth_user_groups; Type: TABLE DATA; Schema: public; Owner: postgres
--

COPY public.auth_user_groups (id, user_id, group_id) FROM stdin;
\.


--
-- Data for Name: auth_user_user_permissions; Type: TABLE DATA; Schema: public; Owner: postgres
--

COPY public.auth_user_user_permissions (id, user_id, permission_id) FROM stdin;
\.


--
-- Data for Name: django_admin_log; Type: TABLE DATA; Schema: public; Owner: postgres
--

COPY public.django_admin_log (id, action_time, object_id, object_repr, action_flag, change_message, content_type_id, user_id) FROM stdin;
\.


--
-- Data for Name: django_content_type; Type: TABLE DATA; Schema: public; Owner: postgres
--

COPY public.django_content_type (id, app_label, model) FROM stdin;
1	admin	logentry
2	auth	group
3	auth	permission
4	auth	user
5	contenttypes	contenttype
6	sessions	session
7	app	clientes
8	app	asistencia
9	app	asunto
10	app	registroasunto
11	app	registrosocial
12	app	redconocida
13	app	informacionsalud
14	app	hogar
15	app	cargafamiliar
16	app	anotacioneshogar
\.


--
-- Data for Name: django_migrations; Type: TABLE DATA; Schema: public; Owner: postgres
--

COPY public.django_migrations (id, app, name, applied) FROM stdin;
1	contenttypes	0001_initial	2026-02-05 09:31:45.155197-03
2	auth	0001_initial	2026-02-05 09:31:45.221532-03
3	admin	0001_initial	2026-02-05 09:31:45.240086-03
4	admin	0002_logentry_remove_auto_add	2026-02-05 09:31:45.24564-03
5	admin	0003_logentry_add_action_flag_choices	2026-02-05 09:31:45.252621-03
6	contenttypes	0002_remove_content_type_name	2026-02-05 09:31:45.265325-03
7	auth	0002_alter_permission_name_max_length	2026-02-05 09:31:45.271809-03
8	auth	0003_alter_user_email_max_length	2026-02-05 09:31:45.278037-03
9	auth	0004_alter_user_username_opts	2026-02-05 09:31:45.283889-03
10	auth	0005_alter_user_last_login_null	2026-02-05 09:31:45.293287-03
11	auth	0006_require_contenttypes_0002	2026-02-05 09:31:45.294721-03
12	auth	0007_alter_validators_add_error_messages	2026-02-05 09:31:45.300321-03
13	auth	0008_alter_user_username_max_length	2026-02-05 09:31:45.312105-03
14	auth	0009_alter_user_last_name_max_length	2026-02-05 09:31:45.31912-03
15	auth	0010_alter_group_name_max_length	2026-02-05 09:31:45.326253-03
16	auth	0011_update_proxy_permissions	2026-02-05 09:31:45.331199-03
17	auth	0012_alter_user_first_name_max_length	2026-02-05 09:31:45.337338-03
18	sessions	0001_initial	2026-02-05 09:31:45.345689-03
19	app	0001_initial	2026-02-05 09:32:04.792558-03
20	app	0002_alter_clientes_id	2026-02-05 09:36:04.906776-03
21	app	0003_asistencia_asunto_registroasunto_and_more	2026-02-08 15:50:40.082218-03
22	app	0004_asunto_asistentes	2026-02-09 09:48:37.874007-03
23	app	0005_migrate_capacitacion_to_charla	2026-02-10 13:33:26.712227-03
24	app	0006_clientes_edad_clientes_escolaridad_and_more	2026-02-23 11:59:26.60151-03
25	app	0007_alter_clientes_rut	2026-02-23 12:18:44.989628-03
\.


--
-- Data for Name: django_session; Type: TABLE DATA; Schema: public; Owner: postgres
--

COPY public.django_session (session_key, session_data, expire_date) FROM stdin;
\.


--
-- Name: app_anotacioneshogar_id_seq; Type: SEQUENCE SET; Schema: public; Owner: postgres
--

SELECT pg_catalog.setval('public.app_anotacioneshogar_id_seq', 129, true);


--
-- Name: app_asistencia_id_seq; Type: SEQUENCE SET; Schema: public; Owner: postgres
--

SELECT pg_catalog.setval('public.app_asistencia_id_seq', 1042, true);


--
-- Name: app_asunto_asistentes_id_seq; Type: SEQUENCE SET; Schema: public; Owner: postgres
--

SELECT pg_catalog.setval('public.app_asunto_asistentes_id_seq', 603, true);


--
-- Name: app_asunto_id_seq; Type: SEQUENCE SET; Schema: public; Owner: postgres
--

SELECT pg_catalog.setval('public.app_asunto_id_seq', 81, true);


--
-- Name: app_cargafamiliar_id_seq; Type: SEQUENCE SET; Schema: public; Owner: postgres
--

SELECT pg_catalog.setval('public.app_cargafamiliar_id_seq', 96, true);


--
-- Name: app_clientes_id_seq; Type: SEQUENCE SET; Schema: public; Owner: postgres
--

SELECT pg_catalog.setval('public.app_clientes_id_seq', 243, true);


--
-- Name: app_hogar_id_seq; Type: SEQUENCE SET; Schema: public; Owner: postgres
--

SELECT pg_catalog.setval('public.app_hogar_id_seq', 129, true);


--
-- Name: app_informacionsalud_id_seq; Type: SEQUENCE SET; Schema: public; Owner: postgres
--

SELECT pg_catalog.setval('public.app_informacionsalud_id_seq', 129, true);


--
-- Name: app_redconocida_id_seq; Type: SEQUENCE SET; Schema: public; Owner: postgres
--

SELECT pg_catalog.setval('public.app_redconocida_id_seq', 129, true);


--
-- Name: app_registroasunto_id_seq; Type: SEQUENCE SET; Schema: public; Owner: postgres
--

SELECT pg_catalog.setval('public.app_registroasunto_id_seq', 105, true);


--
-- Name: app_registrosocial_id_seq; Type: SEQUENCE SET; Schema: public; Owner: postgres
--

SELECT pg_catalog.setval('public.app_registrosocial_id_seq', 129, true);


--
-- Name: auth_group_id_seq; Type: SEQUENCE SET; Schema: public; Owner: postgres
--

SELECT pg_catalog.setval('public.auth_group_id_seq', 1, false);


--
-- Name: auth_group_permissions_id_seq; Type: SEQUENCE SET; Schema: public; Owner: postgres
--

SELECT pg_catalog.setval('public.auth_group_permissions_id_seq', 1, false);


--
-- Name: auth_permission_id_seq; Type: SEQUENCE SET; Schema: public; Owner: postgres
--

SELECT pg_catalog.setval('public.auth_permission_id_seq', 64, true);


--
-- Name: auth_user_groups_id_seq; Type: SEQUENCE SET; Schema: public; Owner: postgres
--

SELECT pg_catalog.setval('public.auth_user_groups_id_seq', 1, false);


--
-- Name: auth_user_id_seq; Type: SEQUENCE SET; Schema: public; Owner: postgres
--

SELECT pg_catalog.setval('public.auth_user_id_seq', 1, true);


--
-- Name: auth_user_user_permissions_id_seq; Type: SEQUENCE SET; Schema: public; Owner: postgres
--

SELECT pg_catalog.setval('public.auth_user_user_permissions_id_seq', 1, false);


--
-- Name: django_admin_log_id_seq; Type: SEQUENCE SET; Schema: public; Owner: postgres
--

SELECT pg_catalog.setval('public.django_admin_log_id_seq', 1, false);


--
-- Name: django_content_type_id_seq; Type: SEQUENCE SET; Schema: public; Owner: postgres
--

SELECT pg_catalog.setval('public.django_content_type_id_seq', 16, true);


--
-- Name: django_migrations_id_seq; Type: SEQUENCE SET; Schema: public; Owner: postgres
--

SELECT pg_catalog.setval('public.django_migrations_id_seq', 25, true);


--
-- Name: app_anotacioneshogar app_anotacioneshogar_hogar_id_key; Type: CONSTRAINT; Schema: public; Owner: postgres
--

ALTER TABLE ONLY public.app_anotacioneshogar
    ADD CONSTRAINT app_anotacioneshogar_hogar_id_key UNIQUE (hogar_id);


--
-- Name: app_anotacioneshogar app_anotacioneshogar_pkey; Type: CONSTRAINT; Schema: public; Owner: postgres
--

ALTER TABLE ONLY public.app_anotacioneshogar
    ADD CONSTRAINT app_anotacioneshogar_pkey PRIMARY KEY (id);


--
-- Name: app_asistencia app_asistencia_cliente_id_registro_asunto_id_6e44a080_uniq; Type: CONSTRAINT; Schema: public; Owner: postgres
--

ALTER TABLE ONLY public.app_asistencia
    ADD CONSTRAINT app_asistencia_cliente_id_registro_asunto_id_6e44a080_uniq UNIQUE (cliente_id, registro_asunto_id);


--
-- Name: app_asistencia app_asistencia_pkey; Type: CONSTRAINT; Schema: public; Owner: postgres
--

ALTER TABLE ONLY public.app_asistencia
    ADD CONSTRAINT app_asistencia_pkey PRIMARY KEY (id);


--
-- Name: app_asunto_asistentes app_asunto_asistentes_asunto_id_clientes_id_1d9d7605_uniq; Type: CONSTRAINT; Schema: public; Owner: postgres
--

ALTER TABLE ONLY public.app_asunto_asistentes
    ADD CONSTRAINT app_asunto_asistentes_asunto_id_clientes_id_1d9d7605_uniq UNIQUE (asunto_id, clientes_id);


--
-- Name: app_asunto_asistentes app_asunto_asistentes_pkey; Type: CONSTRAINT; Schema: public; Owner: postgres
--

ALTER TABLE ONLY public.app_asunto_asistentes
    ADD CONSTRAINT app_asunto_asistentes_pkey PRIMARY KEY (id);


--
-- Name: app_asunto app_asunto_nombre_0ff41e1f_uniq; Type: CONSTRAINT; Schema: public; Owner: postgres
--

ALTER TABLE ONLY public.app_asunto
    ADD CONSTRAINT app_asunto_nombre_0ff41e1f_uniq UNIQUE (nombre);


--
-- Name: app_asunto app_asunto_pkey; Type: CONSTRAINT; Schema: public; Owner: postgres
--

ALTER TABLE ONLY public.app_asunto
    ADD CONSTRAINT app_asunto_pkey PRIMARY KEY (id);


--
-- Name: app_cargafamiliar app_cargafamiliar_pkey; Type: CONSTRAINT; Schema: public; Owner: postgres
--

ALTER TABLE ONLY public.app_cargafamiliar
    ADD CONSTRAINT app_cargafamiliar_pkey PRIMARY KEY (id);


--
-- Name: app_clientes app_clientes_pkey; Type: CONSTRAINT; Schema: public; Owner: postgres
--

ALTER TABLE ONLY public.app_clientes
    ADD CONSTRAINT app_clientes_pkey PRIMARY KEY (id);


--
-- Name: app_clientes app_clientes_rut_key; Type: CONSTRAINT; Schema: public; Owner: postgres
--

ALTER TABLE ONLY public.app_clientes
    ADD CONSTRAINT app_clientes_rut_key UNIQUE (rut);


--
-- Name: app_hogar app_hogar_persona_principal_id_key; Type: CONSTRAINT; Schema: public; Owner: postgres
--

ALTER TABLE ONLY public.app_hogar
    ADD CONSTRAINT app_hogar_persona_principal_id_key UNIQUE (persona_principal_id);


--
-- Name: app_hogar app_hogar_pkey; Type: CONSTRAINT; Schema: public; Owner: postgres
--

ALTER TABLE ONLY public.app_hogar
    ADD CONSTRAINT app_hogar_pkey PRIMARY KEY (id);


--
-- Name: app_informacionsalud app_informacionsalud_persona_id_key; Type: CONSTRAINT; Schema: public; Owner: postgres
--

ALTER TABLE ONLY public.app_informacionsalud
    ADD CONSTRAINT app_informacionsalud_persona_id_key UNIQUE (persona_id);


--
-- Name: app_informacionsalud app_informacionsalud_pkey; Type: CONSTRAINT; Schema: public; Owner: postgres
--

ALTER TABLE ONLY public.app_informacionsalud
    ADD CONSTRAINT app_informacionsalud_pkey PRIMARY KEY (id);


--
-- Name: app_redconocida app_redconocida_persona_id_key; Type: CONSTRAINT; Schema: public; Owner: postgres
--

ALTER TABLE ONLY public.app_redconocida
    ADD CONSTRAINT app_redconocida_persona_id_key UNIQUE (persona_id);


--
-- Name: app_redconocida app_redconocida_pkey; Type: CONSTRAINT; Schema: public; Owner: postgres
--

ALTER TABLE ONLY public.app_redconocida
    ADD CONSTRAINT app_redconocida_pkey PRIMARY KEY (id);


--
-- Name: app_registroasunto app_registroasunto_pkey; Type: CONSTRAINT; Schema: public; Owner: postgres
--

ALTER TABLE ONLY public.app_registroasunto
    ADD CONSTRAINT app_registroasunto_pkey PRIMARY KEY (id);


--
-- Name: app_registrosocial app_registrosocial_persona_id_key; Type: CONSTRAINT; Schema: public; Owner: postgres
--

ALTER TABLE ONLY public.app_registrosocial
    ADD CONSTRAINT app_registrosocial_persona_id_key UNIQUE (persona_id);


--
-- Name: app_registrosocial app_registrosocial_pkey; Type: CONSTRAINT; Schema: public; Owner: postgres
--

ALTER TABLE ONLY public.app_registrosocial
    ADD CONSTRAINT app_registrosocial_pkey PRIMARY KEY (id);


--
-- Name: auth_group auth_group_name_key; Type: CONSTRAINT; Schema: public; Owner: postgres
--

ALTER TABLE ONLY public.auth_group
    ADD CONSTRAINT auth_group_name_key UNIQUE (name);


--
-- Name: auth_group_permissions auth_group_permissions_group_id_permission_id_0cd325b0_uniq; Type: CONSTRAINT; Schema: public; Owner: postgres
--

ALTER TABLE ONLY public.auth_group_permissions
    ADD CONSTRAINT auth_group_permissions_group_id_permission_id_0cd325b0_uniq UNIQUE (group_id, permission_id);


--
-- Name: auth_group_permissions auth_group_permissions_pkey; Type: CONSTRAINT; Schema: public; Owner: postgres
--

ALTER TABLE ONLY public.auth_group_permissions
    ADD CONSTRAINT auth_group_permissions_pkey PRIMARY KEY (id);


--
-- Name: auth_group auth_group_pkey; Type: CONSTRAINT; Schema: public; Owner: postgres
--

ALTER TABLE ONLY public.auth_group
    ADD CONSTRAINT auth_group_pkey PRIMARY KEY (id);


--
-- Name: auth_permission auth_permission_content_type_id_codename_01ab375a_uniq; Type: CONSTRAINT; Schema: public; Owner: postgres
--

ALTER TABLE ONLY public.auth_permission
    ADD CONSTRAINT auth_permission_content_type_id_codename_01ab375a_uniq UNIQUE (content_type_id, codename);


--
-- Name: auth_permission auth_permission_pkey; Type: CONSTRAINT; Schema: public; Owner: postgres
--

ALTER TABLE ONLY public.auth_permission
    ADD CONSTRAINT auth_permission_pkey PRIMARY KEY (id);


--
-- Name: auth_user_groups auth_user_groups_pkey; Type: CONSTRAINT; Schema: public; Owner: postgres
--

ALTER TABLE ONLY public.auth_user_groups
    ADD CONSTRAINT auth_user_groups_pkey PRIMARY KEY (id);


--
-- Name: auth_user_groups auth_user_groups_user_id_group_id_94350c0c_uniq; Type: CONSTRAINT; Schema: public; Owner: postgres
--

ALTER TABLE ONLY public.auth_user_groups
    ADD CONSTRAINT auth_user_groups_user_id_group_id_94350c0c_uniq UNIQUE (user_id, group_id);


--
-- Name: auth_user auth_user_pkey; Type: CONSTRAINT; Schema: public; Owner: postgres
--

ALTER TABLE ONLY public.auth_user
    ADD CONSTRAINT auth_user_pkey PRIMARY KEY (id);


--
-- Name: auth_user_user_permissions auth_user_user_permissions_pkey; Type: CONSTRAINT; Schema: public; Owner: postgres
--

ALTER TABLE ONLY public.auth_user_user_permissions
    ADD CONSTRAINT auth_user_user_permissions_pkey PRIMARY KEY (id);


--
-- Name: auth_user_user_permissions auth_user_user_permissions_user_id_permission_id_14a6b632_uniq; Type: CONSTRAINT; Schema: public; Owner: postgres
--

ALTER TABLE ONLY public.auth_user_user_permissions
    ADD CONSTRAINT auth_user_user_permissions_user_id_permission_id_14a6b632_uniq UNIQUE (user_id, permission_id);


--
-- Name: auth_user auth_user_username_key; Type: CONSTRAINT; Schema: public; Owner: postgres
--

ALTER TABLE ONLY public.auth_user
    ADD CONSTRAINT auth_user_username_key UNIQUE (username);


--
-- Name: django_admin_log django_admin_log_pkey; Type: CONSTRAINT; Schema: public; Owner: postgres
--

ALTER TABLE ONLY public.django_admin_log
    ADD CONSTRAINT django_admin_log_pkey PRIMARY KEY (id);


--
-- Name: django_content_type django_content_type_app_label_model_76bd3d3b_uniq; Type: CONSTRAINT; Schema: public; Owner: postgres
--

ALTER TABLE ONLY public.django_content_type
    ADD CONSTRAINT django_content_type_app_label_model_76bd3d3b_uniq UNIQUE (app_label, model);


--
-- Name: django_content_type django_content_type_pkey; Type: CONSTRAINT; Schema: public; Owner: postgres
--

ALTER TABLE ONLY public.django_content_type
    ADD CONSTRAINT django_content_type_pkey PRIMARY KEY (id);


--
-- Name: django_migrations django_migrations_pkey; Type: CONSTRAINT; Schema: public; Owner: postgres
--

ALTER TABLE ONLY public.django_migrations
    ADD CONSTRAINT django_migrations_pkey PRIMARY KEY (id);


--
-- Name: django_session django_session_pkey; Type: CONSTRAINT; Schema: public; Owner: postgres
--

ALTER TABLE ONLY public.django_session
    ADD CONSTRAINT django_session_pkey PRIMARY KEY (session_key);


--
-- Name: app_asistencia_cliente_id_338cc366; Type: INDEX; Schema: public; Owner: postgres
--

CREATE INDEX app_asistencia_cliente_id_338cc366 ON public.app_asistencia USING btree (cliente_id);


--
-- Name: app_asistencia_registro_asunto_id_c0c9100a; Type: INDEX; Schema: public; Owner: postgres
--

CREATE INDEX app_asistencia_registro_asunto_id_c0c9100a ON public.app_asistencia USING btree (registro_asunto_id);


--
-- Name: app_asunto_asistentes_asunto_id_50589518; Type: INDEX; Schema: public; Owner: postgres
--

CREATE INDEX app_asunto_asistentes_asunto_id_50589518 ON public.app_asunto_asistentes USING btree (asunto_id);


--
-- Name: app_asunto_asistentes_clientes_id_b1d0b3a6; Type: INDEX; Schema: public; Owner: postgres
--

CREATE INDEX app_asunto_asistentes_clientes_id_b1d0b3a6 ON public.app_asunto_asistentes USING btree (clientes_id);


--
-- Name: app_asunto_nombre_0ff41e1f; Type: INDEX; Schema: public; Owner: postgres
--

CREATE INDEX app_asunto_nombre_0ff41e1f ON public.app_asunto USING btree (nombre);


--
-- Name: app_asunto_nombre_0ff41e1f_like; Type: INDEX; Schema: public; Owner: postgres
--

CREATE INDEX app_asunto_nombre_0ff41e1f_like ON public.app_asunto USING btree (nombre varchar_pattern_ops);


--
-- Name: app_cargafamiliar_hogar_id_5cf2e644; Type: INDEX; Schema: public; Owner: postgres
--

CREATE INDEX app_cargafamiliar_hogar_id_5cf2e644 ON public.app_cargafamiliar USING btree (hogar_id);


--
-- Name: app_cliente_es_bene_4994d2_idx; Type: INDEX; Schema: public; Owner: postgres
--

CREATE INDEX app_cliente_es_bene_4994d2_idx ON public.app_clientes USING btree (es_beneficiario);


--
-- Name: app_cliente_rut_909a50_idx; Type: INDEX; Schema: public; Owner: postgres
--

CREATE INDEX app_cliente_rut_909a50_idx ON public.app_clientes USING btree (rut);


--
-- Name: app_cliente_sector_085178_idx; Type: INDEX; Schema: public; Owner: postgres
--

CREATE INDEX app_cliente_sector_085178_idx ON public.app_clientes USING btree (sector);


--
-- Name: app_clientes_rut_4025f64d_like; Type: INDEX; Schema: public; Owner: postgres
--

CREATE INDEX app_clientes_rut_4025f64d_like ON public.app_clientes USING btree (rut varchar_pattern_ops);


--
-- Name: app_registr_asunto__43556b_idx; Type: INDEX; Schema: public; Owner: postgres
--

CREATE INDEX app_registr_asunto__43556b_idx ON public.app_registroasunto USING btree (asunto_id, fecha);


--
-- Name: app_registroasunto_asunto_id_311ea559; Type: INDEX; Schema: public; Owner: postgres
--

CREATE INDEX app_registroasunto_asunto_id_311ea559 ON public.app_registroasunto USING btree (asunto_id);


--
-- Name: auth_group_name_a6ea08ec_like; Type: INDEX; Schema: public; Owner: postgres
--

CREATE INDEX auth_group_name_a6ea08ec_like ON public.auth_group USING btree (name varchar_pattern_ops);


--
-- Name: auth_group_permissions_group_id_b120cbf9; Type: INDEX; Schema: public; Owner: postgres
--

CREATE INDEX auth_group_permissions_group_id_b120cbf9 ON public.auth_group_permissions USING btree (group_id);


--
-- Name: auth_group_permissions_permission_id_84c5c92e; Type: INDEX; Schema: public; Owner: postgres
--

CREATE INDEX auth_group_permissions_permission_id_84c5c92e ON public.auth_group_permissions USING btree (permission_id);


--
-- Name: auth_permission_content_type_id_2f476e4b; Type: INDEX; Schema: public; Owner: postgres
--

CREATE INDEX auth_permission_content_type_id_2f476e4b ON public.auth_permission USING btree (content_type_id);


--
-- Name: auth_user_groups_group_id_97559544; Type: INDEX; Schema: public; Owner: postgres
--

CREATE INDEX auth_user_groups_group_id_97559544 ON public.auth_user_groups USING btree (group_id);


--
-- Name: auth_user_groups_user_id_6a12ed8b; Type: INDEX; Schema: public; Owner: postgres
--

CREATE INDEX auth_user_groups_user_id_6a12ed8b ON public.auth_user_groups USING btree (user_id);


--
-- Name: auth_user_user_permissions_permission_id_1fbb5f2c; Type: INDEX; Schema: public; Owner: postgres
--

CREATE INDEX auth_user_user_permissions_permission_id_1fbb5f2c ON public.auth_user_user_permissions USING btree (permission_id);


--
-- Name: auth_user_user_permissions_user_id_a95ead1b; Type: INDEX; Schema: public; Owner: postgres
--

CREATE INDEX auth_user_user_permissions_user_id_a95ead1b ON public.auth_user_user_permissions USING btree (user_id);


--
-- Name: auth_user_username_6821ab7c_like; Type: INDEX; Schema: public; Owner: postgres
--

CREATE INDEX auth_user_username_6821ab7c_like ON public.auth_user USING btree (username varchar_pattern_ops);


--
-- Name: django_admin_log_content_type_id_c4bce8eb; Type: INDEX; Schema: public; Owner: postgres
--

CREATE INDEX django_admin_log_content_type_id_c4bce8eb ON public.django_admin_log USING btree (content_type_id);


--
-- Name: django_admin_log_user_id_c564eba6; Type: INDEX; Schema: public; Owner: postgres
--

CREATE INDEX django_admin_log_user_id_c564eba6 ON public.django_admin_log USING btree (user_id);


--
-- Name: django_session_expire_date_a5c62663; Type: INDEX; Schema: public; Owner: postgres
--

CREATE INDEX django_session_expire_date_a5c62663 ON public.django_session USING btree (expire_date);


--
-- Name: django_session_session_key_c0390e0f_like; Type: INDEX; Schema: public; Owner: postgres
--

CREATE INDEX django_session_session_key_c0390e0f_like ON public.django_session USING btree (session_key varchar_pattern_ops);


--
-- Name: app_anotacioneshogar app_anotacioneshogar_hogar_id_04dca879_fk_app_hogar_id; Type: FK CONSTRAINT; Schema: public; Owner: postgres
--

ALTER TABLE ONLY public.app_anotacioneshogar
    ADD CONSTRAINT app_anotacioneshogar_hogar_id_04dca879_fk_app_hogar_id FOREIGN KEY (hogar_id) REFERENCES public.app_hogar(id) DEFERRABLE INITIALLY DEFERRED;


--
-- Name: app_asistencia app_asistencia_cliente_id_338cc366_fk_app_clientes_id; Type: FK CONSTRAINT; Schema: public; Owner: postgres
--

ALTER TABLE ONLY public.app_asistencia
    ADD CONSTRAINT app_asistencia_cliente_id_338cc366_fk_app_clientes_id FOREIGN KEY (cliente_id) REFERENCES public.app_clientes(id) DEFERRABLE INITIALLY DEFERRED;


--
-- Name: app_asistencia app_asistencia_registro_asunto_id_c0c9100a_fk_app_regis; Type: FK CONSTRAINT; Schema: public; Owner: postgres
--

ALTER TABLE ONLY public.app_asistencia
    ADD CONSTRAINT app_asistencia_registro_asunto_id_c0c9100a_fk_app_regis FOREIGN KEY (registro_asunto_id) REFERENCES public.app_registroasunto(id) DEFERRABLE INITIALLY DEFERRED;


--
-- Name: app_asunto_asistentes app_asunto_asistentes_asunto_id_50589518_fk_app_asunto_id; Type: FK CONSTRAINT; Schema: public; Owner: postgres
--

ALTER TABLE ONLY public.app_asunto_asistentes
    ADD CONSTRAINT app_asunto_asistentes_asunto_id_50589518_fk_app_asunto_id FOREIGN KEY (asunto_id) REFERENCES public.app_asunto(id) DEFERRABLE INITIALLY DEFERRED;


--
-- Name: app_asunto_asistentes app_asunto_asistentes_clientes_id_b1d0b3a6_fk_app_clientes_id; Type: FK CONSTRAINT; Schema: public; Owner: postgres
--

ALTER TABLE ONLY public.app_asunto_asistentes
    ADD CONSTRAINT app_asunto_asistentes_clientes_id_b1d0b3a6_fk_app_clientes_id FOREIGN KEY (clientes_id) REFERENCES public.app_clientes(id) DEFERRABLE INITIALLY DEFERRED;


--
-- Name: app_cargafamiliar app_cargafamiliar_hogar_id_5cf2e644_fk_app_hogar_id; Type: FK CONSTRAINT; Schema: public; Owner: postgres
--

ALTER TABLE ONLY public.app_cargafamiliar
    ADD CONSTRAINT app_cargafamiliar_hogar_id_5cf2e644_fk_app_hogar_id FOREIGN KEY (hogar_id) REFERENCES public.app_hogar(id) DEFERRABLE INITIALLY DEFERRED;


--
-- Name: app_hogar app_hogar_persona_principal_id_66679b6f_fk_app_clientes_id; Type: FK CONSTRAINT; Schema: public; Owner: postgres
--

ALTER TABLE ONLY public.app_hogar
    ADD CONSTRAINT app_hogar_persona_principal_id_66679b6f_fk_app_clientes_id FOREIGN KEY (persona_principal_id) REFERENCES public.app_clientes(id) DEFERRABLE INITIALLY DEFERRED;


--
-- Name: app_informacionsalud app_informacionsalud_persona_id_646b2c6b_fk_app_clientes_id; Type: FK CONSTRAINT; Schema: public; Owner: postgres
--

ALTER TABLE ONLY public.app_informacionsalud
    ADD CONSTRAINT app_informacionsalud_persona_id_646b2c6b_fk_app_clientes_id FOREIGN KEY (persona_id) REFERENCES public.app_clientes(id) DEFERRABLE INITIALLY DEFERRED;


--
-- Name: app_redconocida app_redconocida_persona_id_85dd6c3e_fk_app_clientes_id; Type: FK CONSTRAINT; Schema: public; Owner: postgres
--

ALTER TABLE ONLY public.app_redconocida
    ADD CONSTRAINT app_redconocida_persona_id_85dd6c3e_fk_app_clientes_id FOREIGN KEY (persona_id) REFERENCES public.app_clientes(id) DEFERRABLE INITIALLY DEFERRED;


--
-- Name: app_registroasunto app_registroasunto_asunto_id_311ea559_fk_app_asunto_id; Type: FK CONSTRAINT; Schema: public; Owner: postgres
--

ALTER TABLE ONLY public.app_registroasunto
    ADD CONSTRAINT app_registroasunto_asunto_id_311ea559_fk_app_asunto_id FOREIGN KEY (asunto_id) REFERENCES public.app_asunto(id) DEFERRABLE INITIALLY DEFERRED;


--
-- Name: app_registrosocial app_registrosocial_persona_id_0802a94f_fk_app_clientes_id; Type: FK CONSTRAINT; Schema: public; Owner: postgres
--

ALTER TABLE ONLY public.app_registrosocial
    ADD CONSTRAINT app_registrosocial_persona_id_0802a94f_fk_app_clientes_id FOREIGN KEY (persona_id) REFERENCES public.app_clientes(id) DEFERRABLE INITIALLY DEFERRED;


--
-- Name: auth_group_permissions auth_group_permissio_permission_id_84c5c92e_fk_auth_perm; Type: FK CONSTRAINT; Schema: public; Owner: postgres
--

ALTER TABLE ONLY public.auth_group_permissions
    ADD CONSTRAINT auth_group_permissio_permission_id_84c5c92e_fk_auth_perm FOREIGN KEY (permission_id) REFERENCES public.auth_permission(id) DEFERRABLE INITIALLY DEFERRED;


--
-- Name: auth_group_permissions auth_group_permissions_group_id_b120cbf9_fk_auth_group_id; Type: FK CONSTRAINT; Schema: public; Owner: postgres
--

ALTER TABLE ONLY public.auth_group_permissions
    ADD CONSTRAINT auth_group_permissions_group_id_b120cbf9_fk_auth_group_id FOREIGN KEY (group_id) REFERENCES public.auth_group(id) DEFERRABLE INITIALLY DEFERRED;


--
-- Name: auth_permission auth_permission_content_type_id_2f476e4b_fk_django_co; Type: FK CONSTRAINT; Schema: public; Owner: postgres
--

ALTER TABLE ONLY public.auth_permission
    ADD CONSTRAINT auth_permission_content_type_id_2f476e4b_fk_django_co FOREIGN KEY (content_type_id) REFERENCES public.django_content_type(id) DEFERRABLE INITIALLY DEFERRED;


--
-- Name: auth_user_groups auth_user_groups_group_id_97559544_fk_auth_group_id; Type: FK CONSTRAINT; Schema: public; Owner: postgres
--

ALTER TABLE ONLY public.auth_user_groups
    ADD CONSTRAINT auth_user_groups_group_id_97559544_fk_auth_group_id FOREIGN KEY (group_id) REFERENCES public.auth_group(id) DEFERRABLE INITIALLY DEFERRED;


--
-- Name: auth_user_groups auth_user_groups_user_id_6a12ed8b_fk_auth_user_id; Type: FK CONSTRAINT; Schema: public; Owner: postgres
--

ALTER TABLE ONLY public.auth_user_groups
    ADD CONSTRAINT auth_user_groups_user_id_6a12ed8b_fk_auth_user_id FOREIGN KEY (user_id) REFERENCES public.auth_user(id) DEFERRABLE INITIALLY DEFERRED;


--
-- Name: auth_user_user_permissions auth_user_user_permi_permission_id_1fbb5f2c_fk_auth_perm; Type: FK CONSTRAINT; Schema: public; Owner: postgres
--

ALTER TABLE ONLY public.auth_user_user_permissions
    ADD CONSTRAINT auth_user_user_permi_permission_id_1fbb5f2c_fk_auth_perm FOREIGN KEY (permission_id) REFERENCES public.auth_permission(id) DEFERRABLE INITIALLY DEFERRED;


--
-- Name: auth_user_user_permissions auth_user_user_permissions_user_id_a95ead1b_fk_auth_user_id; Type: FK CONSTRAINT; Schema: public; Owner: postgres
--

ALTER TABLE ONLY public.auth_user_user_permissions
    ADD CONSTRAINT auth_user_user_permissions_user_id_a95ead1b_fk_auth_user_id FOREIGN KEY (user_id) REFERENCES public.auth_user(id) DEFERRABLE INITIALLY DEFERRED;


--
-- Name: django_admin_log django_admin_log_content_type_id_c4bce8eb_fk_django_co; Type: FK CONSTRAINT; Schema: public; Owner: postgres
--

ALTER TABLE ONLY public.django_admin_log
    ADD CONSTRAINT django_admin_log_content_type_id_c4bce8eb_fk_django_co FOREIGN KEY (content_type_id) REFERENCES public.django_content_type(id) DEFERRABLE INITIALLY DEFERRED;


--
-- Name: django_admin_log django_admin_log_user_id_c564eba6_fk_auth_user_id; Type: FK CONSTRAINT; Schema: public; Owner: postgres
--

ALTER TABLE ONLY public.django_admin_log
    ADD CONSTRAINT django_admin_log_user_id_c564eba6_fk_auth_user_id FOREIGN KEY (user_id) REFERENCES public.auth_user(id) DEFERRABLE INITIALLY DEFERRED;


--
-- PostgreSQL database dump complete
--

\unrestrict dnPmyrEYcTrsRldkw5k3zlupqJFBeDa3ULzdT5Lgi5KbRsfPnXJ1s69geJre8K2

